ranking,EDV,EDM
1,94.3,13071548.34
2,76.4,10546540.43
3,68.5,9911053.406
4,64.9,8640079.354
5,60.5,8172169.641
6,55.6,7789859.569
7,51,7466621.008
8,48,7186619.031
9,46.4,6939639.784
10,45.1,6718709.319
11,43.8,6518853.402
12,42.7,6336399.246
13,41.7,6168557.692
14,40.7,6013160.686
15,39.8,5868489.533
16,39,5733158.708
17,38.2,5606034.939
18,37.4,5486179.461
19,36.7,5372805.905
20,36.1,5265248.996
21,35.4,5162940.9
22,34.8,5065393.08
23,34.2,4972182.179
24,33.7,4882938.923
25,33.2,4797339.283
26,32.6,4715097.369
27,32.2,4635959.676
28,31.7,4559700.363
29,31.2,4486117.374
30,30.8,4415029.21
31,30.4,4346272.231
32,29.9,4279698.385
33,29.5,4215173.294
34,29.2,4152574.616
35,28.8,4091790.65
36,28.4,4032719.138
37,28.1,3975266.229
38,27.7,3919345.582
39,27.4,3864877.584
40,27,3811788.673
41,26.7,3760010.733
42,26.4,3709480.577
43,26.1,3660139.477
44,25.8,3611932.757
45,25.5,3564809.425
46,25.2,3518721.856
47,24.9,3473625.494
48,24.7,3429478.6
49,24.4,3386242.017
50,24.1,3343878.96
51,23.9,3302354.831
52,23.6,3261637.047
53,23.4,3221694.886
54,23.1,3182499.353
55,22.9,3144023.044
56,22.7,3106240.04
57,22.4,3069125.796
58,22.2,3032657.051
59,22,2996811.734
60,21.8,2961568.887
61,21.6,2926908.594
62,21.3,2892811.908
63,21.1,2859260.792
64,20.9,2826238.063
65,20.7,2795450.178
66,20.5,2758564.563
67,20.3,2722709.448
68,20.1,2687841.299
69,20,2653919.025
70,19.8,2620903.809
71,19.6,2588758.95
72,19.4,2557449.724
73,19.2,2526943.249
74,19,2497208.362
75,18.9,2468215.513
76,18.7,2439936.655
77,18.5,2412345.153
78,18.4,2385415.695
79,18.2,2359124.209
80,18,2333447.789
81,17.9,2308364.625
82,17.7,2283853.936
83,17.6,2259895.911
84,17.4,2236471.653
85,17.2,2213563.125
86,17.1,2191153.103
87,16.9,2169225.13
88,16.8,2147763.472
89,16.6,2126753.083
90,16.5,2106179.559
91,16.4,2086029.114
92,16.2,2066288.54
93,16.1,2046945.178
94,15.9,2027986.894
95,15.8,2009402.046
96,15.7,1991179.461
97,15.5,1973308.415
98,15.4,1955778.605
99,15.3,1938580.132
100,15.1,1921703.481
101,15,1905139.5
102,14.9,1888879.387
103,14.7,1872914.669
104,14.6,1857237.19
105,14.5,1841839.093
106,14.4,1826712.808
107,14.3,1811851.042
108,14.1,1797246.76
109,14,1782893.179
110,13.9,1768783.754
111,13.8,1754912.168
112,13.7,1741272.323
113,13.5,1727858.329
114,13.4,1714664.499
115,13.3,1701685.333
116,13.2,1688915.518
117,13.1,1676349.916
118,13,1663983.557
119,12.9,1651811.633
120,12.8,1639829.491
121,12.7,1628032.628
122,12.5,1616416.683
123,12.4,1604977.431
124,12.3,1593710.781
125,12.2,1582612.769
126,12.1,1571679.55
127,12,1560907.4
128,11.9,1550292.704
129,11.8,1539831.958
130,11.7,1529521.761
131,11.6,1519358.814
132,11.5,1509339.913
133,11.4,1499461.948
134,11.3,1489721.9
135,11.2,1480116.834
136,11.1,1470643.902
137,11,1461300.333
138,10.9,1452083.436
139,10.9,1442990.595
140,10.8,1434019.265
141,10.7,1425166.971
142,10.6,1416431.306
143,10.5,1407809.93
144,10.4,1399300.562
145,10.3,1390900.985
146,10.2,1382609.04
147,10.1,1374422.624
148,10,1366339.691
149,9.9,1358358.245
150,9.9,1350476.345
151,9.8,1342692.097
152,9.7,1335003.657
153,9.6,1327409.226
154,9.5,1319907.053
155,9.4,1312495.428
156,9.4,1305172.685
157,9.3,1297937.198
158,9.2,1290787.381
159,9.1,1283721.688
160,9,1276738.609
161,8.9,1269836.671
162,8.9,1263014.435
163,8.8,1256270.498
164,8.7,1249603.488
165,8.6,1243012.069
166,8.5,1236494.93
167,8.5,1230050.797
168,8.4,1223678.421
169,8.3,1217376.583
170,8.2,1211144.092
171,8.2,1204979.784
172,8.1,1198882.519
173,8,1192851.187
174,7.9,1186884.698
175,7.9,1180981.989
176,7.8,1175142.02
177,7.7,1169363.772
178,7.6,1163646.251
179,7.6,1157988.482
180,7.5,1152389.513
181,7.4,1146848.409
182,7.3,1141364.26
183,7.3,1135936.171
184,7.3,1130563.267
185,7.3,1125244.692
186,7.3,1119979.608
187,7.3,1114767.193
188,7.2,1109606.642
189,7.2,1104497.169
190,7.2,1099438.001
191,7.2,1094428.382
192,7.2,1089467.571
193,7.2,1084554.843
194,7.1,1079689.485
195,7.1,1074870.8
196,7.1,1070098.104
197,7.1,1065370.728
198,7.1,1060688.014
199,7.1,1056049.318
200,7,1051454.007
201,7,1046901.463
202,7,1042391.077
203,7,1037922.254
204,7,1033494.408
205,7,1029106.965
206,7,1024759.363
207,6.9,1020451.048
208,6.9,1016181.479
209,6.9,1011950.124
210,6.9,1007756.459
211,6.9,1003599.972
212,6.9,999480.1601
213,6.8,995396.5284
214,6.8,991348.5916
215,6.8,987335.8731
216,6.8,983357.9048
217,6.8,979414.2269
218,6.8,975504.388
219,6.8,971627.9445
220,6.7,967784.4604
221,6.7,963973.5077
222,6.7,960194.6657
223,6.7,956447.521
224,6.7,952731.6674
225,6.7,949046.7056
226,6.7,945392.2432
227,6.6,941767.8945
228,6.6,938173.2803
229,6.6,934608.0279
230,6.6,931071.7707
231,6.6,927564.1484
232,6.6,924084.8067
233,6.6,920633.3972
234,6.5,917209.5771
235,6.5,913813.0094
236,6.5,910443.3626
237,6.5,907100.3107
238,6.5,903783.5328
239,6.5,900492.7133
240,6.5,897227.5418
241,6.4,893987.7126
242,6.4,890772.9253
243,6.4,887582.8838
244,6.4,884417.2972
245,6.4,881275.8788
246,6.4,878158.3467
247,6.4,875064.4231
248,6.4,871993.8349
249,6.3,868946.3129
250,6.3,865921.5923
251,6.3,862919.4123
252,6.3,859939.5162
253,6.3,856981.6511
254,6.3,854045.568
255,6.3,851131.0216
256,6.3,848237.7705
257,6.2,845365.5768
258,6.2,842514.2062
259,6.2,839683.4279
260,6.2,836873.0145
261,6.2,834082.7421
262,6.2,831312.3899
263,6.2,828561.7405
264,6.2,825830.5797
265,6.1,823118.6964
266,6.1,820425.8825
267,6.1,817751.9329
268,6.1,815096.6457
269,6.1,812459.8216
270,6.1,809841.2644
271,6.1,807240.7806
272,6.1,804658.1793
273,6,802093.2726
274,6,799545.8751
275,6,797015.804
276,6,794502.8791
277,6,792006.9227
278,6,789527.7596
279,6,787065.2169
280,6,784619.1244
281,6,782189.3139
282,5.9,779775.6197
283,5.9,777377.8783
284,5.9,774995.9285
285,5.9,772629.6111
286,5.9,770278.7694
287,5.9,767943.2485
288,5.9,765622.8957
289,5.9,763317.5603
290,5.9,761027.0937
291,5.8,758751.3491
292,5.8,756490.182
293,5.8,754243.4494
294,5.8,752011.0104
295,5.8,749792.7259
296,5.8,747588.4587
297,5.8,745398.0732
298,5.8,743221.4358
299,5.8,741058.4144
300,5.7,738908.8788
301,5.7,736772.7003
302,5.7,734649.7521
303,5.7,732539.9086
304,5.7,730443.0462
305,5.7,728359.0428
306,5.7,726287.7777
307,5.7,724229.1317
308,5.7,722182.9873
309,5.7,720149.2283
310,5.6,718127.74
311,5.6,716118.4093
312,5.6,714121.1241
313,5.6,712135.7741
314,5.6,710162.2501
315,5.6,708200.4444
316,5.6,706250.2505
317,5.6,704311.5632
318,5.6,702384.2788
319,5.6,700468.2945
320,5.5,698563.509
321,5.5,696669.8222
322,5.5,694787.1352
323,5.5,692915.35
324,5.5,691054.3703
325,5.5,689204.1005
326,5.5,687364.4463
327,5.5,685535.3146
328,5.5,683716.6132
329,5.5,681908.2512
330,5.4,680110.1386
331,5.4,678322.1865
332,5.4,676544.307
333,5.4,674776.4134
334,5.4,673018.4199
335,5.4,671270.2415
336,5.4,669531.7944
337,5.4,667802.9958
338,5.4,666083.7636
339,5.4,664374.017
340,5.3,662673.6758
341,5.3,660982.6608
342,5.3,659300.8937
343,5.3,657628.2972
344,5.3,655964.7948
345,5.3,654310.3107
346,5.3,652664.7702
347,5.3,651028.0992
348,5.3,649400.2246
349,5.3,647781.0741
350,5.3,646170.576
351,5.2,644568.6598
352,5.2,642975.2552
353,5.2,641390.2932
354,5.2,639813.7053
355,5.2,638245.4237
356,5.2,636685.3816
357,5.2,635133.5126
358,5.2,633589.7511
359,5.2,632054.0325
360,5.2,630526.2925
361,5.2,629006.4677
362,5.1,627494.4954
363,5.1,625990.3134
364,5.1,624493.8603
365,5.1,623005.0753
366,5.1,621523.8983
367,5.1,620050.2698
368,5.1,618584.1309
369,5.1,617125.4234
370,5.1,615674.0895
371,5.1,614230.0722
372,5.1,612793.3152
373,5.1,611363.7624
374,5,609941.3586
375,5,608526.0492
376,5,607117.7798
377,5,605716.497
378,5,604322.1476
379,5,602934.6792
380,5,601554.0398
381,5,600180.1779
382,5,598813.0425
383,5,597452.5834
384,5,596098.7505
385,4.9,594751.4946
386,4.9,593410.7665
387,4.9,592076.5181
388,4.9,590748.7012
389,4.9,589427.2684
390,4.9,588112.1729
391,4.9,586803.3679
392,4.9,585500.8076
393,4.9,584204.4462
394,4.9,582914.2386
395,4.9,581630.14
396,4.9,580352.1063
397,4.9,579080.0935
398,4.8,577814.0582
399,4.8,576553.9575
400,4.8,575299.7486
401,4.8,574051.3896
402,4.8,572808.8385
403,4.8,571572.054
404,4.8,570340.9952
405,4.8,569115.6214
406,4.8,567895.8925
407,4.8,566681.7687
408,4.8,565473.2104
409,4.8,564270.1788
410,4.7,563072.635
411,4.7,561880.5407
412,4.7,560693.8581
413,4.7,559512.5493
414,4.7,558336.5773
415,4.7,557165.9051
416,4.7,556000.4961
417,4.7,554840.3141
418,4.7,553685.3232
419,4.7,552535.4878
420,4.7,551390.7727
421,4.7,550251.143
422,4.7,549116.5641
423,4.6,547987.0017
424,4.6,546862.4219
425,4.6,545742.791
426,4.6,544628.0756
427,4.6,543518.2428
428,4.6,542413.2598
429,4.6,541313.094
430,4.6,540217.7135
431,4.6,539127.0862
432,4.6,538041.1806
433,4.6,536959.9655
434,4.6,535883.4097
435,4.6,534811.4826
436,4.6,533744.1537
437,4.5,532681.3927
438,4.5,531623.1698
439,4.5,530569.4552
440,4.5,529520.2196
441,4.5,528475.4338
442,4.5,527435.0688
443,4.5,526399.0962
444,4.5,525367.4873
445,4.5,524340.2142
446,4.5,523317.2489
447,4.5,522298.5638
448,4.5,521284.1313
449,4.5,520273.9244
450,4.5,519267.9161
451,4.4,518266.0796
452,4.4,517268.3885
453,4.4,516274.8165
454,4.4,515285.3375
455,4.4,514299.9258
456,4.4,513318.5557
457,4.4,512341.2018
458,4.4,511367.839
459,4.4,510398.4423
460,4.4,509432.987
461,4.4,508471.4485
462,4.4,507513.8026
463,4.4,506560.0249
464,4.4,505610.0917
465,4.3,504663.9792
466,4.3,503721.6638
467,4.3,502783.1223
468,4.3,501848.3315
469,4.3,500917.2683
470,4.3,499989.9102
471,4.3,499066.2344
472,4.3,498146.2185
473,4.3,497229.8405
474,4.3,496317.0782
475,4.3,495407.9098
476,4.3,494502.3136
477,4.3,493600.2682
478,4.3,492701.7521
479,4.3,491806.7443
480,4.2,490915.2238
481,4.2,490027.1697
482,4.2,489142.5615
483,4.2,488261.3786
484,4.2,487383.6007
485,4.2,486509.2077
486,4.2,485638.1796
487,4.2,484770.4965
488,4.2,483906.1388
489,4.2,483045.087
490,4.2,482187.3216
491,4.2,481332.8236
492,4.2,480481.5737
493,4.2,479633.5532
494,4.2,478788.7432
495,4.1,477947.1251
496,4.1,477108.6805
497,4.1,476273.391
498,4.1,475441.2385
499,4.1,474612.2048
500,4.1,473786.2721
501,4.1,472963.4227
502,4.1,472143.6388
503,4.1,471326.9031
504,4.1,470513.198
505,4.1,469702.5065
506,4.1,468894.8114
507,4.1,468090.0958
508,4.1,467288.3428
509,4.1,466489.5357
510,4,465693.6579
511,4,464900.6931
512,4,464110.6247
513,4,463323.4367
514,4,462539.113
515,4,461757.6375
516,4,460978.9945
517,4,460203.1683
518,4,459430.1431
519,4,458659.9036
520,4,457892.4343
521,4,457127.72
522,4,456365.7455
523,4,455606.4958
524,4,454849.956
525,4,454096.1113
526,4,453344.9469
527,3.9,452596.4482
528,3.9,451850.6009
529,3.9,451107.3903
530,3.9,450366.8024
531,3.9,449628.8229
532,3.9,448893.4378
533,3.9,448160.633
534,3.9,447430.3947
535,3.9,446702.7091
536,3.9,445977.5627
537,3.9,445254.9417
538,3.9,444534.8327
539,3.9,443817.2223
540,3.9,443102.0973
541,3.9,442389.4445
542,3.9,441679.2508
543,3.8,440971.5031
544,3.8,440266.1886
545,3.8,439563.2945
546,3.8,438862.808
547,3.8,438164.7165
548,3.8,437469.0075
549,3.8,436775.6685
550,3.8,436084.6871
551,3.8,435396.051
552,3.8,434709.7481
553,3.8,434025.7663
554,3.8,433344.0934
555,3.8,432664.7177
556,3.8,431987.6271
557,3.8,431312.81
558,3.8,430640.2547
559,3.8,429969.9495
560,3.8,429301.8829
561,3.7,428636.0434
562,3.7,427972.4197
563,3.7,427311.0005
564,3.7,426651.7745
565,3.7,425994.7307
566,3.7,425339.8579
567,3.7,424687.1451
568,3.7,424036.5815
569,3.7,423388.1562
570,3.7,422741.8584
571,3.7,422097.6775
572,3.7,421455.6028
573,3.7,420815.6237
574,3.7,420177.7299
575,3.7,419541.9108
576,3.7,418908.1561
577,3.7,418276.4557
578,3.6,417646.7991
579,3.6,417019.1765
580,3.6,416393.5775
581,3.6,415769.9924
582,3.6,415148.4111
583,3.6,414528.8238
584,3.6,413911.2206
585,3.6,413295.5919
586,3.6,412681.9279
587,3.6,412070.2192
588,3.6,411460.456
589,3.6,410852.6289
590,3.6,410246.7286
591,3.6,409642.7457
592,3.6,409040.6707
593,3.6,408440.4947
594,3.6,407842.2082
595,3.6,407245.8023
596,3.6,406651.2679
597,3.5,406058.596
598,3.5,405467.7776
599,3.5,404878.8039
600,3.5,404291.6659
601,3.5,403706.3551
602,3.5,403122.8626
603,3.5,402541.1798
604,3.5,401961.2982
605,3.5,401383.209
606,3.5,400806.904
607,3.5,400232.3745
608,3.5,399659.6123
609,3.5,399088.609
610,3.5,398519.3564
611,3.5,397951.8462
612,3.5,397386.0702
613,3.5,396822.0203
614,3.5,396259.6885
615,3.5,395699.0668
616,3.4,395140.1471
617,3.4,394582.9215
618,3.4,394027.3822
619,3.4,393473.5214
620,3.4,392921.3313
621,3.4,392370.8042
622,3.4,391821.9323
623,3.4,391274.7081
624,3.4,390729.124
625,3.4,390185.1725
626,3.4,389642.846
627,3.4,389102.1372
628,3.4,388563.0386
629,3.4,388025.5429
630,3.4,387489.6428
631,3.4,386955.331
632,3.4,386422.6003
633,3.4,385891.4436
634,3.4,385361.8537
635,3.3,384833.8235
636,3.3,384307.3461
637,3.3,383782.4143
638,3.3,383259.0213
639,3.3,382737.1601
640,3.3,382216.8239
641,3.3,381698.0059
642,3.3,381180.6992
643,3.3,380664.8971
644,3.3,380150.5929
645,3.3,379637.7799
646,3.3,379126.4515
647,3.3,378616.6012
648,3.3,378108.2223
649,3.3,377601.3084
650,3.3,377095.853
651,3.3,376591.8497
652,3.3,376089.2921
653,3.3,375588.1737
654,3.3,375088.4884
655,3.2,374590.2298
656,3.2,374093.3917
657,3.2,373597.9678
658,3.2,373103.9521
659,3.2,372611.3383
660,3.2,372120.1204
661,3.2,371630.2923
662,3.2,371141.848
663,3.2,370654.7816
664,3.2,370169.0869
665,3.2,369684.7582
666,3.2,369201.7895
667,3.2,368720.175
668,3.2,368239.9088
669,3.2,367760.9853
670,3.2,367283.3985
671,3.2,366807.1429
672,3.2,366332.2127
673,3.2,365858.6023
674,3.2,365386.306
675,3.2,364915.3183
676,3.1,364445.6335
677,3.1,363977.2463
678,3.1,363510.151
679,3.1,363044.3423
680,3.1,362579.8147
681,3.1,362116.5628
682,3.1,361654.5812
683,3.1,361193.8646
684,3.1,360734.4076
685,3.1,360276.2051
686,3.1,359819.2517
687,3.1,359363.5423
688,3.1,358909.0716
689,3.1,358455.8345
690,3.1,358003.8258
691,3.1,357553.0405
692,3.1,357103.4735
693,3.1,356655.1197
694,3.1,356207.9741
695,3.1,355762.0318
696,3.1,355317.2877
697,3.1,354873.7369
698,3,354431.3746
699,3,353990.1958
700,3,353550.1957
701,3,353111.3694
702,3,352673.7122
703,3,352237.2193
704,3,351801.8859
705,3,351367.7074
706,3,350934.679
707,3,350502.796
708,3,350072.0538
709,3,349642.4479
710,3,349213.9735
711,3,348786.6262
712,3,348360.4014
713,3,347935.2945
714,3,347511.3011
715,3,347088.4167
716,3,346666.6369
717,3,346245.9572
718,3,345826.3733
719,3,345407.8807
720,2.9,344990.4752
721,2.9,344574.1523
722,2.9,344158.9078
723,2.9,343744.7375
724,2.9,343331.6369
725,2.9,342919.602
726,2.9,342508.6285
727,2.9,342098.7122
728,2.9,341689.8489
729,2.9,341282.0345
730,2.9,340875.2649
731,2.9,340469.5359
732,2.9,340064.8436
733,2.9,339661.1837
734,2.9,339258.5524
735,2.9,338856.9455
736,2.9,338456.3591
737,2.9,338056.7892
738,2.9,337658.2318
739,2.9,337260.6831
740,2.9,336864.1391
741,2.9,336468.5959
742,2.9,336074.0496
743,2.8,335680.4964
744,2.8,335287.9325
745,2.8,334896.354
746,2.8,334505.7572
747,2.8,334116.1383
748,2.8,333727.4935
749,2.8,333339.819
750,2.8,332953.1113
751,2.8,332567.3666
752,2.8,332182.5812
753,2.8,331798.7514
754,2.8,331415.8737
755,2.8,331033.9444
756,2.8,330652.9598
757,2.8,330272.9165
758,2.8,329893.8109
759,2.8,329515.6393
760,2.8,329138.3983
761,2.8,328762.0844
762,2.8,328386.6941
763,2.8,328012.2239
764,2.8,327638.6703
765,2.8,327266.03
766,2.7,326894.2994
767,2.7,326523.4752
768,2.7,326153.554
769,2.7,325784.5325
770,2.7,325416.4072
771,2.7,325049.1748
772,2.7,324682.832
773,2.7,324317.3756
774,2.7,323952.8022
775,2.7,323589.1085
776,2.7,323226.2914
777,2.7,322864.3475
778,2.7,322503.2736
779,2.7,322143.0666
780,2.7,321783.7232
781,2.7,321425.2403
782,2.7,321067.6147
783,2.7,320710.8433
784,2.7,320354.9229
785,2.7,319999.8505
786,2.7,319645.6228
787,2.7,319292.237
788,2.7,318939.6898
789,2.7,318587.9783
790,2.6,318237.0993
791,2.6,317887.05
792,2.6,317537.8272
793,2.6,317189.428
794,2.6,316841.8494
795,2.6,316495.0885
796,2.6,316149.1422
797,2.6,315804.0077
798,2.6,315459.682
799,2.6,315116.1623
800,2.6,314773.4456
801,2.6,314431.5291
802,2.6,314090.4099
803,2.6,313750.0851
804,2.6,313410.552
805,2.6,313071.8076
806,2.6,312733.8493
807,2.6,312396.6741
808,2.6,312060.2793
809,2.6,311724.6622
810,2.6,311389.8199
811,2.6,311055.7498
812,2.6,310722.4491
813,2.6,310389.9151
814,2.6,310058.145
815,2.5,309727.1363
816,2.5,309396.8862
817,2.5,309067.3921
818,2.5,308738.6512
819,2.5,308410.661
820,2.5,308083.4189
821,2.5,307756.9222
822,2.5,307431.1683
823,2.5,307106.1546
824,2.5,306781.8786
825,2.5,306458.3377
826,2.5,306135.5293
827,2.5,305813.4508
828,2.5,305492.0999
829,2.5,305171.4738
830,2.5,304851.5703
831,2.5,304532.3866
832,2.5,304213.9204
833,2.5,303896.1692
834,2.5,303579.1305
835,2.5,303262.8018
836,2.5,302947.1808
837,2.5,302632.265
838,2.5,302318.052
839,2.5,302004.5394
840,2.5,301691.7247
841,2.4,301379.6057
842,2.4,301068.1799
843,2.4,300757.445
844,2.4,300447.3987
845,2.4,300138.0385
846,2.4,299829.3622
847,2.4,299521.3674
848,2.4,299214.0519
849,2.4,298907.4133
850,2.4,298601.4493
851,2.4,298296.1578
852,2.4,297991.5363
853,2.4,297687.5828
854,2.4,297384.2948
855,2.4,297081.6702
856,2.4,296779.7068
857,2.4,296478.4023
858,2.4,296177.7546
859,2.4,295877.7614
860,2.4,295578.4206
861,2.4,295279.7299
862,2.4,294981.6873
863,2.4,294684.2905
864,2.4,294387.5375
865,2.4,294091.426
866,2.4,293795.954
867,2.4,293501.1194
868,2.3,293206.9199
869,2.3,292913.3536
870,2.3,292620.4184
871,2.3,292328.1121
872,2.3,292036.4327
873,2.3,291745.3782
874,2.3,291454.9464
875,2.3,291165.1354
876,2.3,290875.9431
877,2.3,290587.3674
878,2.3,290299.4065
879,2.3,290012.0582
880,2.3,289725.3205
881,2.3,289439.1915
882,2.3,289153.6692
883,2.3,288868.7516
884,2.3,288584.4368
885,2.3,288300.7228
886,2.3,288017.6076
887,2.3,287735.0894
888,2.3,287453.1661
889,2.3,287171.8359
890,2.3,286891.0969
891,2.3,286610.9471
892,2.3,286331.3846
893,2.3,286052.4077
894,2.3,285774.0143
895,2.3,285496.2026
896,2.2,285218.9707
897,2.2,284942.3169
898,2.2,284666.2392
899,2.2,284390.7358
900,2.2,284115.8049
901,2.2,283841.4447
902,2.2,283567.6532
903,2.2,283294.4289
904,2.2,283021.7697
905,2.2,282749.674
906,2.2,282478.1399
907,2.2,282207.1657
908,2.2,281936.7496
909,2.2,281666.8898
910,2.2,281397.5847
911,2.2,281128.8323
912,2.2,280860.6311
913,2.2,280592.9792
914,2.2,280325.875
915,2.2,280059.3167
916,2.2,279793.3026
917,2.2,279527.8311
918,2.2,279262.9003
919,2.2,278998.5087
920,2.2,278734.6545
921,2.2,278471.336
922,2.2,278208.5517
923,2.2,277946.2998
924,2.1,277684.5787
925,2.1,277423.3868
926,2.1,277162.7223
927,2.1,276902.5837
928,2.1,276642.9693
929,2.1,276383.8776
930,2.1,276125.3068
931,2.1,275867.2555
932,2.1,275609.722
933,2.1,275352.7046
934,2.1,275096.2019
935,2.1,274840.2123
936,2.1,274584.7341
937,2.1,274329.7658
938,2.1,274075.3058
939,2.1,273821.3526
940,2.1,273567.9047
941,2.1,273314.9605
942,2.1,273062.5184
943,2.1,272810.577
944,2.1,272559.1346
945,2.1,272308.1899
946,2.1,272057.7413
947,2.1,271807.7872
948,2.1,271558.3263
949,2.1,271309.3569
950,2.1,271060.8776
951,2.1,270812.887
952,2.1,270565.3835
953,2,270318.3657
954,2,270071.8322
955,2,269825.7814
956,2,269580.212
957,2,269335.1224
958,2,269090.5113
959,2,268846.3771
960,2,268602.7186
961,2,268359.5342
962,2,268116.8226
963,2,267874.5823
964,2,267632.812
965,2,267391.5102
966,2,267150.6756
967,2,266910.3067
968,2,266670.4022
969,2,266430.9607
970,2,266191.9808
971,2,265953.4612
972,2,265715.4005
973,2,265477.7974
974,2,265240.6504
975,2,265003.9584
976,2,264767.7199
977,2,264531.9335
978,2,264296.5981
979,2,264061.7121
980,2,263827.2745
981,2,263593.2837
982,2,263359.7385
983,2,263126.6377
984,1.9,262893.9799
985,1.9,262661.7638
986,1.9,262429.9881
987,1.9,262198.6516
988,1.9,261967.753
989,1.9,261737.291
990,1.9,261507.2643
991,1.9,261277.6717
992,1.9,261048.512
993,1.9,260819.7838
994,1.9,260591.4859
995,1.9,260363.6172
996,1.9,260136.1763
997,1.9,259909.162
998,1.9,259682.5731
999,1.9,259456.4084
1000,1.9,259230.6667
1001,1.9,259005.3467
1002,1.9,258780.4472
1003,1.9,258555.967
1004,1.9,258331.905
1005,1.9,258108.2599
1006,1.9,257885.0306
1007,1.9,257662.2159
1008,1.9,257439.8145
1009,1.9,257217.8253
1010,1.9,256996.2472
1011,1.9,256775.0789
1012,1.9,256554.3194
1013,1.9,256333.9673
1014,1.9,256114.0217
1015,1.8,255894.4814
1016,1.8,255675.3451
1017,1.8,255456.6118
1018,1.8,255238.2803
1019,1.8,255020.3495
1020,1.8,254802.8183
1021,1.8,254585.6855
1022,1.8,254368.9501
1023,1.8,254152.6108
1024,1.8,253936.6667
1025,1.8,253721.1165
1026,1.8,253505.9592
1027,1.8,253291.1937
1028,1.8,253076.819
1029,1.8,252862.8338
1030,1.8,252649.2371
1031,1.8,252436.0279
1032,1.8,252223.2051
1033,1.8,252010.7675
1034,1.8,251798.7142
1035,1.8,251587.044
1036,1.8,251375.7559
1037,1.8,251164.8488
1038,1.8,250954.3217
1039,1.8,250744.1736
1040,1.8,250534.4033
1041,1.8,250325.0099
1042,1.8,250115.9923
1043,1.8,249907.3495
1044,1.8,249699.0804
1045,1.8,249491.184
1046,1.8,249283.6593
1047,1.7,249076.5053
1048,1.7,248869.7209
1049,1.7,248663.3052
1050,1.7,248457.2572
1051,1.7,248251.5757
1052,1.7,248046.2599
1053,1.7,247841.3088
1054,1.7,247636.7213
1055,1.7,247432.4964
1056,1.7,247228.6332
1057,1.7,247025.1307
1058,1.7,246821.9879
1059,1.7,246619.2039
1060,1.7,246416.7776
1061,1.7,246214.7081
1062,1.7,246012.9944
1063,1.7,245811.6356
1064,1.7,245610.6307
1065,1.7,245409.9788
1066,1.7,245209.6789
1067,1.7,245009.7301
1068,1.7,244810.1313
1069,1.7,244610.8818
1070,1.7,244411.9805
1071,1.7,244213.4265
1072,1.7,244015.2189
1073,1.7,243817.3567
1074,1.7,243619.8391
1075,1.7,243422.665
1076,1.7,243225.8337
1077,1.7,243029.3441
1078,1.7,242833.1954
1079,1.7,242637.3867
1080,1.6,242441.9171
1081,1.6,242246.7856
1082,1.6,242051.9913
1083,1.6,241857.5334
1084,1.6,241663.4111
1085,1.6,241469.6232
1086,1.6,241276.1692
1087,1.6,241083.0479
1088,1.6,240890.2586
1089,1.6,240697.8003
1090,1.6,240505.6722
1091,1.6,240313.8735
1092,1.6,240122.4033
1093,1.6,239931.2606
1094,1.6,239740.4447
1095,1.6,239549.9547
1096,1.6,239359.7897
1097,1.6,239169.9489
1098,1.6,238980.4314
1099,1.6,238791.2365
1100,1.6,238602.3631
1101,1.6,238413.8106
1102,1.6,238225.5781
1103,1.6,238037.6647
1104,1.6,237850.0696
1105,1.6,237662.792
1106,1.6,237475.8311
1107,1.6,237289.186
1108,1.6,237102.856
1109,1.6,236916.8401
1110,1.6,236731.1377
1111,1.6,236545.7478
1112,1.6,236360.6697
1113,1.6,236175.9026
1114,1.5,235991.4456
1115,1.5,235807.2981
1116,1.5,235623.4591
1117,1.5,235439.9279
1118,1.5,235256.7037
1119,1.5,235073.7857
1120,1.5,234891.1732
1121,1.5,234708.8653
1122,1.5,234526.8612
1123,1.5,234345.1602
1124,1.5,234163.7616
1125,1.5,233982.6645
1126,1.5,233801.8681
1127,1.5,233621.3718
1128,1.5,233441.1747
1129,1.5,233261.2761
1130,1.5,233081.6753
1131,1.5,232902.3714
1132,1.5,232723.3637
1133,1.5,232544.6515
1134,1.5,232366.2339
1135,1.5,232188.1104
1136,1.5,232010.2801
1137,1.5,231832.7423
1138,1.5,231655.4963
1139,1.5,231478.5412
1140,1.5,231301.8765
1141,1.5,231125.5013
1142,1.5,230949.4149
1143,1.5,230773.6166
1144,1.5,230598.1057
1145,1.5,230422.8815
1146,1.5,230247.9432
1147,1.5,230073.2902
1148,1.5,229898.9216
1149,1.5,229724.8369
1150,1.4,229551.0352
1151,1.4,229377.5159
1152,1.4,229204.2783
1153,1.4,229031.3217
1154,1.4,228858.6454
1155,1.4,228686.2487
1156,1.4,228514.1308
1157,1.4,228342.2912
1158,1.4,228170.729
1159,1.4,227999.4437
1160,1.4,227828.4346
1161,1.4,227657.7009
1162,1.4,227487.2419
1163,1.4,227317.0571
1164,1.4,227147.1457
1165,1.4,226977.507
1166,1.4,226808.1404
1167,1.4,226639.0452
1168,1.4,226470.2208
1169,1.4,226301.6664
1170,1.4,226133.3815
1171,1.4,225965.3653
1172,1.4,225797.6172
1173,1.4,225630.1365
1174,1.4,225462.9227
1175,1.4,225295.9749
1176,1.4,225129.2927
1177,1.4,224962.8752
1178,1.4,224796.722
1179,1.4,224630.8323
1180,1.4,224465.2055
1181,1.4,224299.841
1182,1.4,224134.7382
1183,1.4,223969.8963
1184,1.4,223805.3148
1185,1.4,223640.993
1186,1.3,223476.9303
1187,1.3,223313.1261
1188,1.3,223149.5798
1189,1.3,222986.2907
1190,1.3,222823.2582
1191,1.3,222660.4817
1192,1.3,222497.9606
1193,1.3,222335.6942
1194,1.3,222173.682
1195,1.3,222011.9233
1196,1.3,221850.4175
1197,1.3,221689.1641
1198,1.3,221528.1624
1199,1.3,221367.4118
1200,1.3,221206.9118
1201,1.3,212486.2367
1202,1.3,212341.6882
1203,1.3,212197.2599
1204,1.3,212052.9516
1205,1.3,211908.7631
1206,1.3,211764.6943
1207,1.3,211620.7448
1208,1.3,211476.9146
1209,1.3,211333.2034
1210,1.3,211189.611
1211,1.3,211046.1372
1212,1.3,210902.7818
1213,1.3,210759.5447
1214,1.3,210616.4256
1215,1.3,210473.4244
1216,1.3,210330.5408
1217,1.3,210187.7747
1218,1.3,210045.1258
1219,1.3,209902.594
1220,1.3,209760.179
1221,1.3,209617.8808
1222,1.3,209475.699
1223,1.3,209333.6336
1224,1.2,209191.6843
1225,1.2,209049.8508
1226,1.2,208908.1332
1227,1.2,208766.531
1228,1.2,208625.0443
1229,1.2,208483.6727
1230,1.2,208342.4161
1231,1.2,208201.2742
1232,1.2,208060.247
1233,1.2,207919.3342
1234,1.2,207778.5357
1235,1.2,207637.8512
1236,1.2,207497.2806
1237,1.2,207356.8236
1238,1.2,207216.4802
1239,1.2,207076.2501
1240,1.2,206936.1331
1241,1.2,206796.129
1242,1.2,206656.2378
1243,1.2,206516.4591
1244,1.2,206376.7928
1245,1.2,206237.2388
1246,1.2,206097.7968
1247,1.2,205958.4666
1248,1.2,205819.2482
1249,1.2,205680.1413
1250,1.2,205541.1456
1251,1.2,205402.2612
1252,1.2,205263.4877
1253,1.2,205124.825
1254,1.2,204986.273
1255,1.2,204847.8314
1256,1.2,204709.5
1257,1.2,204571.2787
1258,1.2,204433.1674
1259,1.2,204295.1658
1260,1.2,204157.2738
1261,1.2,204019.4912
1262,1.2,203881.8177
1263,1.1,203744.2534
1264,1.1,203606.7979
1265,1.1,203469.4511
1266,1.1,203332.2129
1267,1.1,203195.083
1268,1.1,203058.0613
1269,1.1,202921.1476
1270,1.1,202784.3417
1271,1.1,202647.6436
1272,1.1,202511.0529
1273,1.1,202374.5696
1274,1.1,202238.1935
1275,1.1,202101.9244
1276,1.1,201965.7621
1277,1.1,201829.7064
1278,1.1,201693.7573
1279,1.1,201557.9145
1280,1.1,201422.1779
1281,1.1,201286.5473
1282,1.1,201151.0225
1283,1.1,201015.6034
1284,1.1,200880.2898
1285,1.1,200745.0815
1286,1.1,200609.9784
1287,1.1,200474.9804
1288,1.1,200340.0872
1289,1.1,200205.2986
1290,1.1,200070.6146
1291,1.1,199936.035
1292,1.1,199801.5596
1293,1.1,199667.1882
1294,1.1,199532.9207
1295,1.1,199398.7569
1296,1.1,199264.6967
1297,1.1,199130.7399
1298,1.1,198996.8863
1299,1.1,198863.1359
1300,1.1,198729.4883
1301,1.1,198595.9435
1302,1.1,198462.5013
1303,1,198329.1616
1304,1,198195.9241
1305,1,198062.7888
1306,1,197929.7555
1307,1,197796.824
1308,1,197663.9942
1309,1,197531.2658
1310,1,197398.6389
1311,1,197266.1131
1312,1,197133.6884
1313,1,197001.3646
1314,1,196869.1415
1315,1,196737.019
1316,1,196604.997
1317,1,196473.0752
1318,1,196341.2536
1319,1,196209.5319
1320,1,196077.9101
1321,1,195946.3879
1322,1,195814.9653
1323,1,195683.642
1324,1,195552.418
1325,1,195421.293
1326,1,195290.267
1327,1,195159.3397
1328,1,195028.5111
1329,1,194897.781
1330,1,194767.1491
1331,1,194636.6155
1332,1,194506.1799
1333,1,194375.8422
1334,1,194245.6022
1335,1,194115.4598
1336,1,193985.4149
1337,1,193855.4672
1338,1,193725.6168
1339,1,193595.8633
1340,1,193466.2067
1341,1,193336.6468
1342,1,193207.1836
1343,1,193077.8167
1344,0.9,192948.5461
1345,0.9,192819.3717
1346,0.9,192690.2933
1347,0.9,192561.3107
1348,0.9,192432.4239
1349,0.9,192303.6326
1350,1,192174.9368
1351,1,192046.3363
1352,1,191917.8309
1353,1,191789.4206
1354,1,191661.1051
1355,1,191532.8843
1356,1,191404.7582
1357,1,191276.7265
1358,1,191148.7891
1359,1,191020.9459
1360,1,190893.1967
1361,1,190765.5414
1362,1,190637.9799
1363,1,190510.512
1364,1,190383.1376
1365,1,190255.8565
1366,1,190128.6687
1367,1,190001.5739
1368,1,189874.5721
1369,1,189747.663
1370,1,189620.8467
1371,1,189494.1229
1372,1,189367.4914
1373,1,189240.9523
1374,1,189114.5052
1375,1,188988.1502
1376,0.9,188861.887
1377,0.9,188735.7155
1378,0.9,188609.6357
1379,0.9,188483.6473
1380,0.9,188357.7502
1381,0.9,188231.9443
1382,0.9,188106.2295
1383,0.9,187980.6056
1384,0.9,187855.0726
1385,0.9,187729.6302
1386,0.9,187604.2783
1387,0.9,187479.0169
1388,0.9,187353.8457
1389,0.9,187228.7646
1390,0.9,187103.7736
1391,0.9,186978.8725
1392,0.9,186854.0612
1393,0.9,186729.3394
1394,0.9,186604.7072
1395,0.9,186480.1644
1396,0.9,186355.7107
1397,0.9,186231.3463
1398,0.9,186107.0708
1399,0.9,185982.8841
1400,0.9,185858.7862
1401,0.9,185734.7769
1402,0.9,185610.8561
1403,0.9,185487.0237
1404,0.9,185363.2795
1405,0.9,185239.6234
1406,0.9,185116.0552
1407,0.9,184992.575
1408,0.9,184869.1824
1409,0.9,184745.8775
1410,0.9,184622.66
1411,0.9,184499.5299
1412,0.9,184376.487
1413,0.9,184253.5313
1414,0.9,184130.6625
1415,0.9,184007.8806
1416,0.9,183885.1854
1417,0.9,183762.5769
1418,0.9,183640.0548
1419,0.9,183517.6192
1420,0.9,183395.2697
1421,0.9,183273.0065
1422,0.9,183150.8292
1423,0.9,183028.7378
1424,0.9,182906.7322
1425,0.9,182784.8122
1426,0.9,182662.9777
1427,0.9,182541.2287
1428,0.9,182419.5649
1429,0.9,182297.9863
1430,0.9,182176.4928
1431,0.9,182055.0842
1432,0.9,181933.7604
1433,0.9,181812.5213
1434,0.9,181691.3668
1435,0.9,181570.2967
1436,0.9,181449.311
1437,0.9,181328.4095
1438,0.9,181207.5921
1439,0.9,181086.8587
1440,0.9,180966.2092
1441,0.9,180845.6434
1442,0.9,180725.1612
1443,0.9,180604.7626
1444,0.9,180484.4474
1445,0.9,180364.2155
1446,0.9,180244.0668
1447,0.9,180124.0011
1448,0.9,180004.0183
1449,0.9,179884.1184
1450,0.9,179764.3013
1451,0.9,179644.5667
1452,0.9,179524.9146
1453,0.9,179405.3449
1454,0.9,179285.8574
1455,0.9,179166.4521
1456,0.9,179047.1289
1457,0.9,178927.8875
1458,0.9,178808.728
1459,0.9,178689.6502
1460,0.9,178570.6539
1461,0.9,178451.7392
1462,0.9,178332.9058
1463,0.9,178214.1537
1464,0.9,178095.4827
1465,0.9,177976.8927
1466,0.9,177858.3836
1467,0.9,177739.9554
1468,0.9,177621.6079
1469,0.9,177503.3409
1470,0.9,177385.1545
1471,0.9,177267.0484
1472,0.9,177149.0225
1473,0.9,177031.0769
1474,0.9,176913.2112
1475,0.9,176795.4255
1476,0.9,176677.7197
1477,0.9,176560.0935
1478,0.9,176442.547
1479,0.9,176325.08
1480,0.9,176207.6923
1481,0.9,176090.384
1482,0.9,175973.1548
1483,0.9,175856.0047
1484,0.9,175738.9336
1485,0.9,175621.9414
1486,0.9,175505.0278
1487,0.9,175388.193
1488,0.9,175271.4367
1489,0.9,175154.7588
1490,0.9,175038.1593
1491,0.9,174921.638
1492,0.9,174805.1948
1493,0.9,174688.8296
1494,0.9,174572.5424
1495,0.9,174456.3329
1496,0.9,174340.2012
1497,0.9,174224.1471
1498,0.9,174108.1705
1499,0.9,173992.2712
1500,0.9,173876.4493
1501,0.9,173760.7045
1502,0.9,173645.0368
1503,0.9,173529.4462
1504,0.9,173413.9324
1505,0.9,173298.4953
1506,0.9,173183.135
1507,0.9,173067.8512
1508,0.9,172952.6439
1509,0.9,172837.513
1510,0.9,172722.4583
1511,0.9,172607.4798
1512,0.9,172492.5774
1513,0.9,172377.751
1514,0.9,172263.0004
1515,0.9,172148.3256
1516,0.9,172033.7264
1517,0.9,171919.2028
1518,0.9,171804.7547
1519,0.9,171690.382
1520,0.9,171576.0845
1521,0.9,171461.8622
1522,0.9,171347.715
1523,0.9,171233.6427
1524,0.9,171119.6454
1525,0.9,171005.7228
1526,0.9,170891.8748
1527,0.9,170778.1015
1528,0.9,170664.4026
1529,0.9,170550.7782
1530,0.9,170437.228
1531,0.9,170323.752
1532,0.9,170210.3501
1533,0.9,170097.0222
1534,0.9,169983.7682
1535,0.9,169870.588
1536,0.9,169757.4815
1537,0.9,169644.4486
1538,0.9,169531.4893
1539,0.9,169418.6034
1540,0.9,169305.7908
1541,0.9,169193.0514
1542,0.9,169080.3851
1543,0.9,168967.7919
1544,0.9,168855.2717
1545,0.9,168742.8243
1546,0.9,168630.4497
1547,0.9,168518.1477
1548,0.9,168405.9183
1549,0.9,168293.7613
1550,0.9,168181.6768
1551,0.9,168069.6645
1552,0.9,167957.7245
1553,0.9,167845.8565
1554,0.9,167734.0606
1555,0.9,167622.3365
1556,0.9,167510.6843
1557,0.9,167399.1039
1558,0.9,167287.595
1559,0.9,167176.1577
1560,0.9,167064.7919
1561,0.9,166953.4975
1562,0.9,166842.2743
1563,0.9,166731.1223
1564,0.9,166620.0414
1565,0.9,166509.0314
1566,0.9,166398.0924
1567,0.9,166287.2243
1568,0.9,166176.4268
1569,0.9,166065.7
1570,0.9,165955.0437
1571,0.9,165844.4579
1572,0.9,165733.9425
1573,0.9,165623.4973
1574,0.9,165513.1224
1575,0.9,165402.8175
1576,0.9,165292.5827
1577,0.9,165182.4177
1578,0.9,165072.3226
1579,0.9,164962.2973
1580,0.9,164852.3416
1581,0.9,164742.4555
1582,0.9,164632.6389
1583,0.9,164522.8916
1584,0.9,164413.2137
1585,0.9,164303.605
1586,0.9,164194.0654
1587,0.9,164084.5949
1588,0.9,163975.1933
1589,0.9,163865.8606
1590,0.9,163756.5967
1591,0.9,163647.4014
1592,0.9,163538.2748
1593,0.9,163429.2167
1594,0.9,163320.2271
1595,0.9,163211.3058
1596,0.9,163102.4528
1597,0.9,162993.6679
1598,0.9,162884.9512
1599,0.9,162776.3024
1600,0.9,162667.7216
1601,0.9,162559.2086
1602,0.9,162450.7634
1603,0.9,162342.3859
1604,0.9,162234.0759
1605,0.9,162125.8335
1606,0.9,162017.6585
1607,0.9,161909.5508
1608,0.9,161801.5103
1609,0.9,161693.5371
1610,0.9,161585.6309
1611,0.9,161477.7917
1612,0.9,161370.0194
1613,0.9,161262.314
1614,0.9,161154.6753
1615,0.9,161047.1033
1616,0.9,160939.5979
1617,0.9,160832.159
1618,0.9,160724.7865
1619,0.9,160617.4803
1620,0.9,160510.2405
1621,0.9,160403.0667
1622,0.9,160295.9591
1623,0.9,160188.9175
1624,0.9,160081.9418
1625,0.9,159975.032
1626,0.8,159868.188
1627,0.8,159761.4096
1628,0.8,159654.6969
1629,0.8,159548.0496
1630,0.8,159441.4678
1631,0.8,159334.9514
1632,0.8,159228.5003
1633,0.8,159122.1144
1634,0.8,159015.7936
1635,0.8,158909.5379
1636,0.8,158803.3471
1637,0.8,158697.2212
1638,0.8,158591.1602
1639,0.8,158485.1638
1640,0.8,158379.2321
1641,0.8,158273.365
1642,0.8,158167.5624
1643,0.8,158061.8242
1644,0.8,157956.1503
1645,0.8,157850.5407
1646,0.8,157744.9953
1647,0.8,157639.5139
1648,0.8,157534.0966
1649,0.8,157428.7433
1650,0.8,157323.4538
1651,0.8,157218.2281
1652,0.8,157113.0661
1653,0.8,157007.9678
1654,0.8,156902.933
1655,0.8,156797.9617
1656,0.8,156693.0538
1657,0.8,156588.2093
1658,0.8,156483.428
1659,0.8,156378.7099
1660,0.8,156274.0548
1661,0.8,156169.4628
1662,0.8,156064.9338
1663,0.8,155960.4676
1664,0.8,155856.0643
1665,0.8,155751.7236
1666,0.8,155647.4456
1667,0.8,155543.2302
1668,0.8,155439.0773
1669,0.8,155334.9868
1670,0.8,155230.9586
1671,0.8,155126.9927
1672,0.8,155023.089
1673,0.8,154919.2475
1674,0.8,154815.468
1675,0.8,154711.7504
1676,0.8,154608.0948
1677,0.8,154504.501
1678,0.8,154400.969
1679,0.8,154297.4986
1680,0.8,154194.0899
1681,0.8,154090.7426
1682,0.8,153987.4569
1683,0.8,153884.2325
1684,0.8,153781.0694
1685,0.8,153677.9676
1686,0.8,153574.927
1687,0.8,153471.9474
1688,0.8,153369.0289
1689,0.8,153266.1713
1690,0.8,153163.3747
1691,0.8,153060.6388
1692,0.8,152957.9636
1693,0.8,152855.3492
1694,0.8,152752.7953
1695,0.8,152650.3019
1696,0.8,152547.869
1697,0.8,152445.4965
1698,0.8,152343.1842
1699,0.8,152240.9322
1700,0.8,152138.7404
1701,0.8,152036.6087
1702,0.8,151934.537
1703,0.8,151832.5252
1704,0.8,151730.5734
1705,0.8,151628.6813
1706,0.8,151526.849
1707,0.8,151425.0764
1708,0.8,151323.3633
1709,0.8,151221.7098
1710,0.8,151120.1158
1711,0.8,151018.5812
1712,0.8,150917.1058
1713,0.8,150815.6898
1714,0.8,150714.3329
1715,0.8,150613.0351
1716,0.8,150511.7964
1717,0.8,150410.6167
1718,0.8,150309.4959
1719,0.8,150208.4339
1720,0.8,150107.4307
1721,0.8,150006.4862
1722,0.8,149905.6004
1723,0.8,149804.7731
1724,0.8,149704.0043
1725,0.8,149603.2939
1726,0.8,149502.6419
1727,0.8,149402.0483
1728,0.8,149301.5128
1729,0.8,149201.0355
1730,0.8,149100.6163
1731,0.8,149000.2551
1732,0.8,148899.9519
1733,0.8,148799.7066
1734,0.8,148699.5191
1735,0.8,148599.3894
1736,0.8,148499.3174
1737,0.8,148399.303
1738,0.8,148299.3461
1739,0.8,148199.4468
1740,0.8,148099.6049
1741,0.8,147999.8203
1742,0.8,147900.0931
1743,0.8,147800.4231
1744,0.8,147700.8102
1745,0.8,147601.2545
1746,0.8,147501.7558
1747,0.8,147402.314
1748,0.8,147302.9292
1749,0.8,147203.6012
1750,0.8,147104.33
1751,0.8,147005.1154
1752,0.8,146905.9576
1753,0.8,146806.8563
1754,0.8,146707.8115
1755,0.8,146608.8232
1756,0.8,146509.8913
1757,0.8,146411.0157
1758,0.8,146312.1963
1759,0.8,146213.4332
1760,0.8,146114.7261
1761,0.8,146016.0752
1762,0.8,145917.4802
1763,0.8,145818.9412
1764,0.8,145720.4581
1765,0.8,145622.0308
1766,0.8,145523.6592
1767,0.8,145425.3433
1768,0.8,145327.0831
1769,0.8,145228.8784
1770,0.8,145130.7292
1771,0.8,145032.6354
1772,0.8,144934.597
1773,0.8,144836.6139
1774,0.8,144738.6861
1775,0.8,144640.8135
1776,0.8,144542.996
1777,0.8,144445.2335
1778,0.8,144347.526
1779,0.8,144249.8735
1780,0.8,144152.2759
1781,0.8,144054.733
1782,0.8,143957.245
1783,0.8,143859.8116
1784,0.8,143762.4328
1785,0.8,143665.1087
1786,0.8,143567.839
1787,0.8,143470.6238
1788,0.8,143373.4629
1789,0.8,143276.3564
1790,0.8,143179.3041
1791,0.8,143082.3061
1792,0.8,142985.3622
1793,0.8,142888.4724
1794,0.8,142791.6366
1795,0.8,142694.8547
1796,0.8,142598.1268
1797,0.8,142501.4527
1798,0.8,142404.8324
1799,0.8,142308.2658
1800,0.8,142211.7529
1801,0.8,142115.2936
1802,0.8,142018.8878
1803,0.8,141922.5355
1804,0.8,141826.2366
1805,0.8,141729.9911
1806,0.8,141633.799
1807,0.8,141537.66
1808,0.8,141441.5743
1809,0.8,141345.5416
1810,0.8,141249.5621
1811,0.8,141153.6355
1812,0.8,141057.7619
1813,0.8,140961.9412
1814,0.8,140866.1734
1815,0.8,140770.4583
1816,0.8,140674.796
1817,0.8,140579.1863
1818,0.8,140483.6292
1819,0.8,140388.1246
1820,0.8,140292.6726
1821,0.8,140197.273
1822,0.8,140101.9257
1823,0.8,140006.6308
1824,0.8,139911.3881
1825,0.8,139816.1977
1826,0.8,139721.0594
1827,0.8,139625.9731
1828,0.8,139530.9389
1829,0.8,139435.9567
1830,0.8,139341.0264
1831,0.8,139246.1479
1832,0.8,139151.3213
1833,0.8,139056.5464
1834,0.8,138961.8232
1835,0.8,138867.1516
1836,0.8,138772.5316
1837,0.8,138677.9631
1838,0.8,138583.4461
1839,0.8,138488.9805
1840,0.8,138394.5663
1841,0.8,138300.2033
1842,0.8,138205.8916
1843,0.8,138111.6311
1844,0.8,138017.4217
1845,0.8,137923.2634
1846,0.8,137829.1561
1847,0.8,137735.0998
1848,0.8,137641.0944
1849,0.8,137547.1398
1850,0.8,137453.2361
1851,0.8,137359.383
1852,0.8,137265.5807
1853,0.8,137171.829
1854,0.8,137078.1279
1855,0.8,136984.4773
1856,0.8,136890.8772
1857,0.8,136797.3275
1858,0.8,136703.8282
1859,0.8,136610.3792
1860,0.8,136516.9804
1861,0.8,136423.6319
1862,0.8,136330.3334
1863,0.8,136237.0851
1864,0.8,136143.8868
1865,0.8,136050.7385
1866,0.8,135957.6402
1867,0.8,135864.5917
1868,0.8,135771.593
1869,0.8,135678.6441
1870,0.8,135585.7449
1871,0.8,135492.8954
1872,0.8,135400.0955
1873,0.8,135307.3452
1874,0.8,135214.6444
1875,0.8,135121.993
1876,0.7,135029.391
1877,0.7,134936.8384
1878,0.7,134844.3351
1879,0.7,134751.881
1880,0.7,134659.4761
1881,0.7,134567.1203
1882,0.7,134474.8136
1883,0.7,134382.556
1884,0.7,134290.3474
1885,0.7,134198.1876
1886,0.7,134106.0768
1887,0.7,134014.0148
1888,0.7,133922.0015
1889,0.7,133830.037
1890,0.7,133738.1211
1891,0.7,133646.2539
1892,0.7,133554.4352
1893,0.7,133462.6651
1894,0.7,133370.9434
1895,0.7,133279.2701
1896,0.7,133187.6452
1897,0.7,133096.0686
1898,0.7,133004.5403
1899,0.7,132913.0602
1900,0.7,132821.6282
1901,0.7,132730.2444
1902,0.7,132638.9086
1903,0.7,132547.6208
1904,0.7,132456.381
1905,0.7,132365.1891
1906,0.7,132274.045
1907,0.7,132182.9488
1908,0.7,132091.9003
1909,0.7,132000.8995
1910,0.7,131909.9464
1911,0.7,131819.0408
1912,0.7,131728.1829
1913,0.7,131637.3724
1914,0.7,131546.6094
1915,0.7,131455.8938
1916,0.7,131365.2256
1917,0.7,131274.6047
1918,0.7,131184.031
1919,0.7,131093.5045
1920,0.7,131003.0252
1921,0.7,130912.5931
1922,0.7,130822.2079
1923,0.7,130731.8698
1924,0.7,130641.5787
1925,0.7,130551.3345
1926,0.7,130461.1371
1927,0.7,130370.9866
1928,0.7,130280.8828
1929,0.7,130190.8258
1930,0.7,130100.8154
1931,0.7,130010.8517
1932,0.7,129920.9345
1933,0.7,129831.0639
1934,0.7,129741.2397
1935,0.7,129651.462
1936,0.7,129561.7307
1937,0.7,129472.0457
1938,0.7,129382.4069
1939,0.7,129292.8145
1940,0.7,129203.2682
1941,0.7,129113.7681
1942,0.7,129024.314
1943,0.7,128934.9061
1944,0.7,128845.5441
1945,0.7,128756.2281
1946,0.7,128666.9579
1947,0.7,128577.7337
1948,0.7,128488.5553
1949,0.7,128399.4226
1950,0.7,128310.3356
1951,0.7,128221.2944
1952,0.7,128132.2987
1953,0.7,128043.3487
1954,0.7,127954.4441
1955,0.7,127865.5851
1956,0.7,127776.7715
1957,0.7,127688.0033
1958,0.7,127599.2804
1959,0.7,127510.6028
1960,0.7,127421.9705
1961,0.7,127333.3834
1962,0.7,127244.8415
1963,0.7,127156.3447
1964,0.7,127067.8929
1965,0.7,126979.4862
1966,0.7,126891.1245
1967,0.7,126802.8077
1968,0.7,126714.5357
1969,0.7,126626.3087
1970,0.7,126538.1264
1971,0.7,126449.9889
1972,0.7,126361.896
1973,0.7,126273.8479
1974,0.7,126185.8443
1975,0.7,126097.8853
1976,0.7,126009.9709
1977,0.7,125922.1009
1978,0.7,125834.2754
1979,0.7,125746.4942
1980,0.7,125658.7574
1981,0.7,125571.0649
1982,0.7,125483.4167
1983,0.7,125395.8126
1984,0.7,125308.2528
1985,0.7,125220.737
1986,0.7,125133.2653
1987,0.7,125045.8377
1988,0.7,124958.4541
1989,0.7,124871.1143
1990,0.7,124783.8185
1991,0.7,124696.5666
1992,0.7,124609.3585
1993,0.7,124522.1941
1994,0.7,124435.0734
1995,0.7,124347.9965
1996,0.7,124260.9632
1997,0.7,124173.9734
1998,0.7,124087.0272
1999,0.7,124000.1246
2000,0.7,123913.2653
2001,0.7,123826.4495
2002,0.7,123739.6771
2003,0.7,123652.948
2004,0.7,123566.2622
2005,0.7,123479.6197
2006,0.7,123393.0203
2007,0.7,123306.4641
2008,0.7,123219.951
2009,0.7,123133.481
2010,0.7,123047.0541
2011,0.7,122960.6701
2012,0.7,122874.329
2013,0.7,122788.0309
2014,0.7,122701.7756
2015,0.7,122615.5632
2016,0.7,122529.3935
2017,0.7,122443.2665
2018,0.7,122357.1823
2019,0.7,122271.1406
2020,0.7,122185.1416
2021,0.7,122099.1852
2022,0.7,122013.2713
2023,0.7,121927.3998
2024,0.7,121841.5708
2025,0.7,121755.7842
2026,0.7,121670.0399
2027,0.7,121584.338
2028,0.7,121498.6783
2029,0.7,121413.0608
2030,0.7,121327.4856
2031,0.7,121241.9524
2032,0.7,121156.4614
2033,0.7,121071.0125
2034,0.7,120985.6055
2035,0.7,120900.2406
2036,0.7,120814.9176
2037,0.7,120729.6364
2038,0.7,120644.3972
2039,0.7,120559.1997
2040,0.7,120474.044
2041,0.7,120388.9301
2042,0.7,120303.8578
2043,0.7,120218.8272
2044,0.7,120133.8383
2045,0.7,120048.8908
2046,0.7,119963.9849
2047,0.7,119879.1205
2048,0.7,119794.2976
2049,0.7,119709.516
2050,0.7,119624.7758
2051,0.7,119540.077
2052,0.7,119455.4194
2053,0.7,119370.8031
2054,0.7,119286.228
2055,0.7,119201.694
2056,0.7,119117.2012
2057,0.7,119032.7495
2058,0.7,118948.3388
2059,0.7,118863.9691
2060,0.7,118779.6404
2061,0.7,118695.3526
2062,0.7,118611.1057
2063,0.7,118526.8996
2064,0.7,118442.7343
2065,0.7,118358.6099
2066,0.7,118274.5261
2067,0.7,118190.483
2068,0.7,118106.4806
2069,0.7,118022.5188
2070,0.7,117938.5976
2071,0.7,117854.7168
2072,0.7,117770.8766
2073,0.7,117687.0769
2074,0.7,117603.3175
2075,0.7,117519.5986
2076,0.7,117435.9199
2077,0.7,117352.2816
2078,0.7,117268.6835
2079,0.7,117185.1257
2080,0.7,117101.608
2081,0.7,117018.1305
2082,0.7,116934.693
2083,0.7,116851.2957
2084,0.7,116767.9383
2085,0.7,116684.621
2086,0.7,116601.3436
2087,0.7,116518.1061
2088,0.7,116434.9085
2089,0.7,116351.7507
2090,0.7,116268.6328
2091,0.7,116185.5546
2092,0.7,116102.5161
2093,0.7,116019.5173
2094,0.7,115936.5581
2095,0.7,115853.6385
2096,0.7,115770.7586
2097,0.7,115687.9181
2098,0.7,115605.1172
2099,0.7,115522.3557
2100,0.7,115439.6336
2101,0.7,115356.9509
2102,0.7,115274.3075
2103,0.7,115191.7035
2104,0.7,115109.1387
2105,0.7,115026.6132
2106,0.7,114944.1268
2107,0.7,114861.6796
2108,0.7,114779.2716
2109,0.7,114696.9026
2110,0.7,114614.5726
2111,0.7,114532.2817
2112,0.7,114450.0298
2113,0.7,114367.8167
2114,0.7,114285.6426
2115,0.7,114203.5074
2116,0.7,114121.4109
2117,0.7,114039.3533
2118,0.7,113957.3344
2119,0.7,113875.3542
2120,0.7,113793.4127
2121,0.7,113711.5099
2122,0.7,113629.6456
2123,0.7,113547.8199
2124,0.7,113466.0328
2125,0.7,113384.2841
2126,0.6,113302.574
2127,0.6,113220.9022
2128,0.6,113139.2688
2129,0.6,113057.6738
2130,0.6,112976.1171
2131,0.6,112894.5987
2132,0.6,112813.1185
2133,0.6,112731.6765
2134,0.6,112650.2727
2135,0.6,112568.9071
2136,0.6,112487.5795
2137,0.6,112406.29
2138,0.6,112325.0385
2139,0.6,112243.8251
2140,0.6,112162.6496
2141,0.6,112081.512
2142,0.6,112000.4123
2143,0.6,111919.3504
2144,0.6,111838.3264
2145,0.6,111757.3402
2146,0.6,111676.3917
2147,0.6,111595.4809
2148,0.6,111514.6078
2149,0.6,111433.7723
2150,0.6,111352.9744
2151,0.6,111272.2141
2152,0.6,111191.4914
2153,0.6,111110.8061
2154,0.6,111030.1584
2155,0.6,110949.548
2156,0.6,110868.9751
2157,0.6,110788.4395
2158,0.6,110707.9412
2159,0.6,110627.4802
2160,0.6,110547.0565
2161,0.6,110466.67
2162,0.6,110386.3207
2163,0.6,110306.0086
2164,0.6,110225.7336
2165,0.6,110145.4956
2166,0.6,110065.2948
2167,0.6,109985.1309
2168,0.6,109905.004
2169,0.6,109824.9141
2170,0.6,109744.8611
2171,0.6,109664.845
2172,0.6,109584.8657
2173,0.6,109504.9232
2174,0.6,109425.0175
2175,0.6,109345.1486
2176,0.6,109265.3164
2177,0.6,109185.5208
2178,0.6,109105.7619
2179,0.6,109026.0397
2180,0.6,108946.3539
2181,0.6,108866.7048
2182,0.6,108787.0921
2183,0.6,108707.516
2184,0.6,108627.9762
2185,0.6,108548.4729
2186,0.6,108469.006
2187,0.6,108389.5754
2188,0.6,108310.1811
2189,0.6,108230.8231
2190,0.6,108151.5013
2191,0.6,108072.2157
2192,0.6,107992.9664
2193,0.6,107913.7531
2194,0.6,107834.576
2195,0.6,107755.435
2196,0.6,107676.33
2197,0.6,107597.261
2198,0.6,107518.228
2199,0.6,107439.231
2200,0.6,107360.2699
2201,0.6,107281.3446
2202,0.6,107202.4552
2203,0.6,107123.6016
2204,0.6,107044.7839
2205,0.6,106966.0018
2206,0.6,106887.2555
2207,0.6,106808.5449
2208,0.6,106729.8699
2209,0.6,106651.2305
2210,0.6,106572.6268
2211,0.6,106494.0586
2212,0.6,106415.5259
2213,0.6,106337.0287
2214,0.6,106258.567
2215,0.6,106180.1407
2216,0.6,106101.7499
2217,0.6,106023.3943
2218,0.6,105945.0742
2219,0.6,105866.7893
2220,0.6,105788.5397
2221,0.6,105710.3253
2222,0.6,105632.1462
2223,0.6,105554.0022
2224,0.6,105475.8933
2225,0.6,105397.8196
2226,0.6,105319.781
2227,0.6,105241.7774
2228,0.6,105163.8088
2229,0.6,105085.8752
2230,0.6,105007.9766
2231,0.6,104930.1129
2232,0.6,104852.284
2233,0.6,104774.4901
2234,0.6,104696.731
2235,0.6,104619.0066
2236,0.6,104541.3171
2237,0.6,104463.6623
2238,0.6,104386.0422
2239,0.6,104308.4567
2240,0.6,104230.9059
2241,0.6,104153.3897
2242,0.6,104075.9081
2243,0.6,103998.4611
2244,0.6,103921.0486
2245,0.6,103843.6705
2246,0.6,103766.327
2247,0.6,103689.0178
2248,0.6,103611.7431
2249,0.6,103534.5027
2250,0.6,103457.2966
2251,0.6,103380.1249
2252,0.6,103302.9874
2253,0.6,103225.8842
2254,0.6,103148.8152
2255,0.6,103071.7804
2256,0.6,102994.7797
2257,0.6,102917.8132
2258,0.6,102840.8807
2259,0.6,102763.9823
2260,0.6,102687.118
2261,0.6,102610.2876
2262,0.6,102533.4913
2263,0.6,102456.7288
2264,0.6,102380.0003
2265,0.6,102303.3057
2266,0.6,102226.6449
2267,0.6,102150.0179
2268,0.6,102073.4248
2269,0.6,101996.8654
2270,0.6,101920.3397
2271,0.6,101843.8477
2272,0.6,101767.3894
2273,0.6,101690.9648
2274,0.6,101614.5738
2275,0.6,101538.2163
2276,0.6,101461.8924
2277,0.6,101385.6021
2278,0.6,101309.3452
2279,0.6,101233.1218
2280,0.6,101156.9319
2281,0.6,101080.7753
2282,0.6,101004.6522
2283,0.6,100928.5623
2284,0.6,100852.5058
2285,0.6,100776.4826
2286,0.6,100700.4927
2287,0.6,100624.536
2288,0.6,100548.6125
2289,0.6,100472.7222
2290,0.6,100396.865
2291,0.6,100321.0409
2292,0.6,100245.25
2293,0.6,100169.4921
2294,0.6,100093.7672
2295,0.6,100018.0753
2296,0.6,99942.41643
2297,0.6,99866.79047
2298,0.6,99791.19744
2299,0.6,99715.63729
2300,0.6,99640.11
2301,0.6,99564.61554
2302,0.6,99489.15388
2303,0.6,99413.725
2304,0.6,99338.32886
2305,0.6,99262.96544
2306,0.6,99187.63471
2307,0.6,99112.33664
2308,0.6,99037.0712
2309,0.6,98961.83836
2310,0.6,98886.6381
2311,0.6,98811.47039
2312,0.6,98736.33519
2313,0.6,98661.23249
2314,0.6,98586.16225
2315,0.6,98511.12444
2316,0.6,98436.11904
2317,0.6,98361.14602
2318,0.6,98286.20535
2319,0.6,98211.297
2320,0.6,98136.42095
2321,0.6,98061.57717
2322,0.6,97986.76562
2323,0.6,97911.98629
2324,0.6,97837.23914
2325,0.6,97762.52414
2326,0.6,97687.84128
2327,0.6,97613.19051
2328,0.6,97538.57182
2329,0.6,97463.98518
2330,0.6,97389.43055
2331,0.6,97314.90792
2332,0.6,97240.41724
2333,0.6,97165.95851
2334,0.6,97091.53168
2335,0.6,97017.13673
2336,0.6,96942.77364
2337,0.6,96868.44237
2338,0.6,96794.14291
2339,0.6,96719.87521
2340,0.6,96645.63926
2341,0.6,96571.43503
2342,0.6,96497.26249
2343,0.6,96423.12162
2344,0.6,96349.01238
2345,0.6,96274.93475
2346,0.6,96200.8887
2347,0.6,96126.87421
2348,0.6,96052.89125
2349,0.6,95978.93979
2350,0.6,95905.01981
2351,0.6,95831.13127
2352,0.6,95757.27416
2353,0.6,95683.44844
2354,0.6,95609.65409
2355,0.6,95535.89108
2356,0.6,95462.15939
2357,0.6,95388.45898
2358,0.6,95314.78984
2359,0.6,95241.15193
2360,0.6,95167.54524
2361,0.6,95093.96972
2362,0.6,95020.42536
2363,0.6,94946.91213
2364,0.6,94873.43001
2365,0.6,94799.97896
2366,0.6,94726.55896
2367,0.6,94653.16999
2368,0.6,94579.81202
2369,0.6,94506.48502
2370,0.6,94433.18896
2371,0.6,94359.92383
2372,0.6,94286.68959
2373,0.6,94213.48621
2374,0.6,94140.31368
2375,0.6,94067.17197
2376,0.5,93994.06104
2377,0.5,93920.98088
2378,0.5,93847.93146
2379,0.5,93774.91275
2380,0.5,93701.92472
2381,0.5,93628.96736
2382,0.5,93556.04063
2383,0.5,93483.14451
2384,0.5,93410.27898
2385,0.5,93337.444
2386,0.5,93264.63956
2387,0.5,93191.86562
2388,0.5,93119.12216
2389,0.5,93046.40916
2390,0.5,92973.72659
2391,0.5,92901.07443
2392,0.5,92828.45264
2393,0.5,92755.86121
2394,0.5,92683.3001
2395,0.5,92610.7693
2396,0.5,92538.26878
2397,0.5,92465.79851
2398,0.5,92393.35847
2399,0.5,92320.94863
2400,0.5,92248.56896
2401,0.5,92176.21945
2402,0.5,92103.90007
2403,0.5,92031.61078
2404,0.5,91959.35158
2405,0.5,91887.12242
2406,0.5,91814.92329
2407,0.5,91742.75417
2408,0.5,91670.61502
2409,0.5,91598.50582
2410,0.5,91526.42655
2411,0.5,91454.37718
2412,0.5,91382.35769
2413,0.5,91310.36805
2414,0.5,91238.40824
2415,0.5,91166.47823
2416,0.5,91094.57801
2417,0.5,91022.70753
2418,0.5,90950.86679
2419,0.5,90879.05574
2420,0.5,90807.27438
2421,0.5,90735.52268
2422,0.5,90663.8006
2423,0.5,90592.10814
2424,0.5,90520.44525
2425,0.5,90448.81192
2426,0.5,90377.20813
2427,0.5,90305.63385
2428,0.5,90234.08905
2429,0.5,90162.57371
2430,0.5,90091.0878
2431,0.5,90019.63131
2432,0.5,89948.20421
2433,0.5,89876.80647
2434,0.5,89805.43807
2435,0.5,89734.09898
2436,0.5,89662.78919
2437,0.5,89591.50866
2438,0.5,89520.25738
2439,0.5,89449.03531
2440,0.5,89377.84245
2441,0.5,89306.67875
2442,0.5,89235.5442
2443,0.5,89164.43877
2444,0.5,89093.36245
2445,0.5,89022.3152
2446,0.5,88951.297
2447,0.5,88880.30783
2448,0.5,88809.34767
2449,0.5,88738.41648
2450,0.5,88667.51426
2451,0.5,88596.64097
2452,0.5,88525.79658
2453,0.5,88454.98109
2454,0.5,88384.19446
2455,0.5,88313.43666
2456,0.5,88242.70769
2457,0.5,88172.0075
2458,0.5,88101.33609
2459,0.5,88030.69342
2460,0.5,87960.07947
2461,0.5,87889.49422
2462,0.5,87818.93765
2463,0.5,87748.40973
2464,0.5,87677.91044
2465,0.5,87607.43976
2466,0.5,87536.99765
2467,0.5,87466.58411
2468,0.5,87396.19911
2469,0.5,87325.84261
2470,0.5,87255.51461
2471,0.5,87185.21507
2472,0.5,87114.94398
2473,0.5,87044.70131
2474,0.5,86974.48704
2475,0.5,86904.30114
2476,0.5,86834.1436
2477,0.5,86764.01438
2478,0.5,86693.91347
2479,0.5,86623.84085
2480,0.5,86553.79648
2481,0.5,86483.78036
2482,0.5,86413.79245
2483,0.5,86343.83273
2484,0.5,86273.90118
2485,0.5,86203.99778
2486,0.5,86134.1225
2487,0.5,86064.27532
2488,0.5,85994.45623
2489,0.5,85924.66519
2490,0.5,85854.90218
2491,0.5,85785.16719
2492,0.5,85715.46018
2493,0.5,85645.78114
2494,0.5,85576.13005
2495,0.5,85506.50688
2496,0.5,85436.91161
2497,0.5,85367.34421
2498,0.5,85297.80467
2499,0.5,85228.29296
2500,0.5,85158.80906
2501,0.5,85089.35295
2502,0.5,85019.92461
2503,0.5,84950.52401
2504,0.5,84881.15113
2505,0.5,84811.80595
2506,0.5,84742.48845
2507,0.5,84673.1986
2508,0.5,84603.93639
2509,0.5,84534.70178
2510,0.5,84465.49477
2511,0.5,84396.31532
2512,0.5,84327.16342
2513,0.5,84258.03904
2514,0.5,84188.94216
2515,0.5,84119.87277
2516,0.5,84050.83083
2517,0.5,83981.81632
2518,0.5,83912.82923
2519,0.5,83843.86953
2520,0.5,83774.9372
2521,0.5,83706.03222
2522,0.5,83637.15457
2523,0.5,83568.30422
2524,0.5,83499.48116
2525,0.5,83430.68535
2526,0.5,83361.91679
2527,0.5,83293.17545
2528,0.5,83224.4613
2529,0.5,83155.77433
2530,0.5,83087.11452
2531,0.5,83018.48184
2532,0.5,82949.87627
2533,0.5,82881.29779
2534,0.5,82812.74637
2535,0.5,82744.22201
2536,0.5,82675.72467
2537,0.5,82607.25434
2538,0.5,82538.81099
2539,0.5,82470.3946
2540,0.5,82402.00515
2541,0.5,82333.64262
2542,0.5,82265.30699
2543,0.5,82196.99824
2544,0.5,82128.71634
2545,0.5,82060.46128
2546,0.5,81992.23304
2547,0.5,81924.03158
2548,0.5,81855.8569
2549,0.5,81787.70897
2550,0.5,81719.58777
2551,0.5,81651.49328
2552,0.5,81583.42547
2553,0.5,81515.38434
2554,0.5,81447.36984
2555,0.5,81379.38198
2556,0.5,81311.42072
2557,0.5,81243.48604
2558,0.5,81175.57793
2559,0.5,81107.69635
2560,0.5,81039.8413
2561,0.5,80972.01275
2562,0.5,80904.21068
2563,0.5,80836.43507
2564,0.5,80768.6859
2565,0.5,80700.96315
2566,0.5,80633.26679
2567,0.5,80565.59681
2568,0.5,80497.95319
2569,0.5,80430.3359
2570,0.5,80362.74493
2571,0.5,80295.18025
2572,0.5,80227.64185
2573,0.5,80160.1297
2574,0.5,80092.64379
2575,0.5,80025.18409
2576,0.5,79957.75058
2577,0.5,79890.34324
2578,0.5,79822.96206
2579,0.5,79755.607
2580,0.5,79688.27806
2581,0.5,79620.97521
2582,0.5,79553.69844
2583,0.5,79486.44771
2584,0.5,79419.22301
2585,0.5,79352.02433
2586,0.5,79284.85163
2587,0.5,79217.70491
2588,0.5,79150.58414
2589,0.5,79083.48929
2590,0.5,79016.42036
2591,0.5,78949.37732
2592,0.5,78882.36014
2593,0.5,78815.36882
2594,0.5,78748.40333
2595,0.5,78681.46365
2596,0.5,78614.54976
2597,0.5,78547.66164
2598,0.5,78480.79927
2599,0.5,78413.96263
2600,0.5,78347.15171
2601,0.5,78280.36647
2602,0.5,78213.60691
2603,0.5,78146.873
2604,0.5,78080.16472
2605,0.5,78013.48206
2606,0.5,77946.82498
2607,0.5,77880.19349
2608,0.5,77813.58754
2609,0.5,77747.00713
2610,0.5,77680.45223
2611,0.5,77613.92283
2612,0.5,77547.41891
2613,0.5,77480.94044
2614,0.5,77414.4874
2615,0.5,77348.05979
2616,0.5,77281.65757
2617,0.5,77215.28073
2618,0.5,77148.92925
2619,0.5,77082.60311
2620,0.5,77016.30228
2621,0.5,76950.02676
2622,0.5,76883.77652
2623,0.5,76817.55155
2624,0.5,76751.35181
2625,0.5,76685.1773
2626,0.4,76619.028
2627,0.4,76552.90388
2628,0.4,76486.80492
2629,0.4,76420.73112
2630,0.4,76354.68244
2631,0.4,76288.65887
2632,0.4,76222.66038
2633,0.4,76156.68697
2634,0.4,76090.73862
2635,0.4,76024.81529
2636,0.4,75958.91698
2637,0.4,75893.04366
2638,0.4,75827.19532
2639,0.4,75761.37193
2640,0.4,75695.57349
2641,0.4,75629.79996
2642,0.4,75564.05133
2643,0.4,75498.32758
2644,0.4,75432.6287
2645,0.4,75366.95466
2646,0.4,75301.30544
2647,0.4,75235.68103
2648,0.4,75170.08141
2649,0.4,75104.50655
2650,0.4,75038.95645
2651,0.4,74973.43107
2652,0.4,74907.93041
2653,0.4,74842.45445
2654,0.4,74777.00315
2655,0.4,74711.57652
2656,0.4,74646.17452
2657,0.4,74580.79715
2658,0.4,74515.44437
2659,0.4,74450.11618
2660,0.4,74384.81255
2661,0.4,74319.53346
2662,0.4,74254.27891
2663,0.4,74189.04886
2664,0.4,74123.8433
2665,0.4,74058.66222
2666,0.4,73993.50558
2667,0.4,73928.37339
2668,0.4,73863.26561
2669,0.4,73798.18223
2670,0.4,73733.12323
2671,0.4,73668.08859
2672,0.4,73603.07829
2673,0.4,73538.09232
2674,0.4,73473.13066
2675,0.4,73408.19329
2676,0.4,73343.28019
2677,0.4,73278.39134
2678,0.4,73213.52673
2679,0.4,73148.68633
2680,0.4,73083.87013
2681,0.4,73019.07812
2682,0.4,72954.31026
2683,0.4,72889.56655
2684,0.4,72824.84697
2685,0.4,72760.15149
2686,0.4,72695.48011
2687,0.4,72630.8328
2688,0.4,72566.20954
2689,0.4,72501.61032
2690,0.4,72437.03512
2691,0.4,72372.48392
2692,0.4,72307.95671
2693,0.4,72243.45346
2694,0.4,72178.97415
2695,0.4,72114.51878
2696,0.4,72050.08732
2697,0.4,71985.67975
2698,0.4,71921.29606
2699,0.4,71856.93623
2700,0.4,71792.60025
2701,0.4,71728.28808
2702,0.4,71663.99972
2703,0.4,71599.73515
2704,0.4,71535.49435
2705,0.4,71471.2773
2706,0.4,71407.08399
2707,0.4,71342.9144
2708,0.4,71278.76851
2709,0.4,71214.6463
2710,0.4,71150.54776
2711,0.4,71086.47286
2712,0.4,71022.4216
2713,0.4,70958.39395
2714,0.4,70894.38989
2715,0.4,70830.40942
2716,0.4,70766.4525
2717,0.4,70702.51913
2718,0.4,70638.60929
2719,0.4,70574.72295
2720,0.4,70510.86011
2721,0.4,70447.02074
2722,0.4,70383.20483
2723,0.4,70319.41236
2724,0.4,70255.64331
2725,0.4,70191.89767
2726,0.4,70128.17542
2727,0.4,70064.47653
2728,0.4,70000.80101
2729,0.4,69937.14882
2730,0.4,69873.51995
2731,0.4,69809.91438
2732,0.4,69746.3321
2733,0.4,69682.77308
2734,0.4,69619.23732
2735,0.4,69555.7248
2736,0.4,69492.23549
2737,0.4,69428.76938
2738,0.4,69365.32646
2739,0.4,69301.9067
2740,0.4,69238.5101
2741,0.4,69175.13662
2742,0.4,69111.78627
2743,0.4,69048.45901
2744,0.4,68985.15484
2745,0.4,68921.87373
2746,0.4,68858.61567
2747,0.4,68795.38064
2748,0.4,68732.16863
2749,0.4,68668.97962
2750,0.4,68605.81359
2751,0.4,68542.67052
2752,0.4,68479.5504
2753,0.4,68416.45322
2754,0.4,68353.37895
2755,0.4,68290.32758
2756,0.4,68227.29909
2757,0.4,68164.29347
2758,0.4,68101.31069
2759,0.4,68038.35075
2760,0.4,67975.41362
2761,0.4,67912.49929
2762,0.4,67849.60775
2763,0.4,67786.73897
2764,0.4,67723.89294
2765,0.4,67661.06964
2766,0.4,67598.26906
2767,0.4,67535.49119
2768,0.4,67472.73599
2769,0.4,67410.00346
2770,0.4,67347.29359
2771,0.4,67284.60635
2772,0.4,67221.94172
2773,0.4,67159.2997
2774,0.4,67096.68027
2775,0.4,67034.0834
2776,0.4,66971.50909
2777,0.4,66908.95732
2778,0.4,66846.42806
2779,0.4,66783.92131
2780,0.4,66721.43705
2781,0.4,66658.97527
2782,0.4,66596.53593
2783,0.4,66534.11904
2784,0.4,66471.72457
2785,0.4,66409.35251
2786,0.4,66347.00285
2787,0.4,66284.67555
2788,0.4,66222.37062
2789,0.4,66160.08803
2790,0.4,66097.82777
2791,0.4,66035.58982
2792,0.4,65973.37416
2793,0.4,65911.18078
2794,0.4,65849.00967
2795,0.4,65786.86081
2796,0.4,65724.73418
2797,0.4,65662.62976
2798,0.4,65600.54754
2799,0.4,65538.48751
2800,0.4,65476.44964
2801,0.4,65414.43393
2802,0.4,65352.44036
2803,0.4,65290.4689
2804,0.4,65228.51955
2805,0.4,65166.59229
2806,0.4,65104.6871
2807,0.4,65042.80398
2808,0.4,64980.94289
2809,0.4,64919.10383
2810,0.4,64857.28678
2811,0.4,64795.49172
2812,0.4,64733.71865
2813,0.4,64671.96754
2814,0.4,64610.23837
2815,0.4,64548.53114
2816,0.4,64486.84583
2817,0.4,64425.18241
2818,0.4,64363.54089
2819,0.4,64301.92123
2820,0.4,64240.32343
2821,0.4,64178.74747
2822,0.4,64117.19333
2823,0.4,64055.661
2824,0.4,63994.15046
2825,0.4,63932.6617
2826,0.4,63871.1947
2827,0.4,63809.74945
2828,0.4,63748.32593
2829,0.4,63686.92413
2830,0.4,63625.54403
2831,0.4,63564.18561
2832,0.4,63502.84886
2833,0.4,63441.53377
2834,0.4,63380.24031
2835,0.4,63318.96848
2836,0.4,63257.71826
2837,0.4,63196.48963
2838,0.4,63135.28259
2839,0.4,63074.0971
2840,0.4,63012.93316
2841,0.4,62951.79076
2842,0.4,62890.66987
2843,0.4,62829.57048
2844,0.4,62768.49259
2845,0.4,62707.43616
2846,0.4,62646.40119
2847,0.4,62585.38767
2848,0.4,62524.39557
2849,0.4,62463.42488
2850,0.4,62402.47559
2851,0.4,62341.54768
2852,0.4,62280.64114
2853,0.4,62219.75595
2854,0.4,62158.8921
2855,0.4,62098.04957
2856,0.4,62037.22835
2857,0.4,61976.42842
2858,0.4,61915.64976
2859,0.4,61854.89237
2860,0.4,61794.15623
2861,0.4,61733.44132
2862,0.4,61672.74763
2863,0.4,61612.07514
2864,0.4,61551.42384
2865,0.4,61490.79371
2866,0.4,61430.18474
2867,0.4,61369.59691
2868,0.4,61309.03022
2869,0.4,61248.48463
2870,0.4,61187.96015
2871,0.4,61127.45675
2872,0.4,61066.97443
2873,0.4,61006.51316
2874,0.4,60946.07293
2875,0.4,60885.65372
2876,0.3,60825.25553
2877,0.3,60764.87834
2878,0.3,60704.52212
2879,0.3,60644.18688
2880,0.3,60583.87259
2881,0.3,60523.57923
2882,0.3,60463.30681
2883,0.3,60403.05529
2884,0.3,60342.82466
2885,0.3,60282.61492
2886,0.3,60222.42605
2887,0.3,60162.25802
2888,0.3,60102.11084
2889,0.3,60041.98447
2890,0.3,59981.87892
2891,0.3,59921.79416
2892,0.3,59861.73017
2893,0.3,59801.68696
2894,0.3,59741.66449
2895,0.3,59681.66277
2896,0.3,59621.68176
2897,0.3,59561.72146
2898,0.3,59501.78186
2899,0.3,59441.86293
2900,0.3,59381.96468
2901,0.3,59322.08707
2902,0.3,59262.2301
2903,0.3,59202.39375
2904,0.3,59142.57801
2905,0.3,59082.78286
2906,0.3,59023.0083
2907,0.3,58963.2543
2908,0.3,58903.52085
2909,0.3,58843.80794
2910,0.3,58784.11555
2911,0.3,58724.44367
2912,0.3,58664.79229
2913,0.3,58605.16139
2914,0.3,58545.55095
2915,0.3,58485.96097
2916,0.3,58426.39143
2917,0.3,58366.84231
2918,0.3,58307.3136
2919,0.3,58247.80529
2920,0.3,58188.31737
2921,0.3,58128.84981
2922,0.3,58069.40261
2923,0.3,58009.97574
2924,0.3,57950.56921
2925,0.3,57891.18299
2926,0.3,57831.81707
2927,0.3,57772.47143
2928,0.3,57713.14607
2929,0.3,57653.84096
2930,0.3,57594.5561
2931,0.3,57535.29147
2932,0.3,57476.04706
2933,0.3,57416.82285
2934,0.3,57357.61882
2935,0.3,57298.43497
2936,0.3,57239.27129
2937,0.3,57180.12775
2938,0.3,57121.00434
2939,0.3,57061.90106
2940,0.3,57002.81788
2941,0.3,56943.7548
2942,0.3,56884.71179
2943,0.3,56825.68885
2944,0.3,56766.68596
2945,0.3,56707.70311
2946,0.3,56648.74029
2947,0.3,56589.79747
2948,0.3,56530.87466
2949,0.3,56471.97182
2950,0.3,56413.08896
2951,0.3,56354.22606
2952,0.3,56295.3831
2953,0.3,56236.56006
2954,0.3,56177.75695
2955,0.3,56118.97374
2956,0.3,56060.21041
2957,0.3,56001.46696
2958,0.3,55942.74338
2959,0.3,55884.03964
2960,0.3,55825.35574
2961,0.3,55766.69167
2962,0.3,55708.0474
2963,0.3,55649.42293
2964,0.3,55590.81823
2965,0.3,55532.23331
2966,0.3,55473.66815
2967,0.3,55415.12272
2968,0.3,55356.59703
2969,0.3,55298.09105
2970,0.3,55239.60477
2971,0.3,55181.13818
2972,0.3,55122.69127
2973,0.3,55064.26402
2974,0.3,55005.85641
2975,0.3,54947.46845
2976,0.3,54889.10011
2977,0.3,54830.75138
2978,0.3,54772.42224
2979,0.3,54714.11269
2980,0.3,54655.82271
2981,0.3,54597.55228
2982,0.3,54539.3014
2983,0.3,54481.07005
2984,0.3,54422.85822
2985,0.3,54364.66589
2986,0.3,54306.49305
2987,0.3,54248.3397
2988,0.3,54190.2058
2989,0.3,54132.09137
2990,0.3,54073.99637
2991,0.3,54015.92079
2992,0.3,53957.86463
2993,0.3,53899.82787
2994,0.3,53841.8105
2995,0.3,53783.81251
2996,0.3,53725.83387
2997,0.3,53667.87458
2998,0.3,53609.93463
2999,0.3,53552.01401
3000,0.3,53494.11269
3001,0.3,53436.23067
3002,0.3,53378.36793
3003,0.3,53320.52447
3004,0.3,53262.70026
3005,0.3,53204.8953
3006,0.3,53147.10958
3007,0.3,53089.34307
3008,0.3,53031.59577
3009,0.3,52973.86767
3010,0.3,52916.15874
3011,0.3,52858.46899
3012,0.3,52800.79839
3013,0.3,52743.14694
3014,0.3,52685.51462
3015,0.3,52627.90142
3016,0.3,52570.30732
3017,0.3,52512.73231
3018,0.3,52455.17639
3019,0.3,52397.63953
3020,0.3,52340.12173
3021,0.3,52282.62297
3022,0.3,52225.14324
3023,0.3,52167.68253
3024,0.3,52110.24082
3025,0.3,52052.81811
3026,0.3,51995.41437
3027,0.3,51938.02961
3028,0.3,51880.66379
3029,0.3,51823.31692
3030,0.3,51765.98898
3031,0.3,51708.67995
3032,0.3,51651.38983
3033,0.3,51594.1186
3034,0.3,51536.86625
3035,0.3,51479.63277
3036,0.3,51422.41814
3037,0.3,51365.22236
3038,0.3,51308.0454
3039,0.3,51250.88727
3040,0.3,51193.74793
3041,0.3,51136.62739
3042,0.3,51079.52563
3043,0.3,51022.44264
3044,0.3,50965.37841
3045,0.3,50908.33291
3046,0.3,50851.30615
3047,0.3,50794.29811
3048,0.3,50737.30877
3049,0.3,50680.33813
3050,0.3,50623.38617
3051,0.3,50566.45288
3052,0.3,50509.53825
3053,0.3,50452.64226
3054,0.3,50395.76491
3055,0.3,50338.90617
3056,0.3,50282.06605
3057,0.3,50225.24452
3058,0.3,50168.44158
3059,0.3,50111.6572
3060,0.3,50054.89139
3061,0.3,49998.14413
3062,0.3,49941.4154
3063,0.3,49884.7052
3064,0.3,49828.0135
3065,0.3,49771.34031
3066,0.3,49714.6856
3067,0.3,49658.04937
3068,0.3,49601.43161
3069,0.3,49544.83229
3070,0.3,49488.25141
3071,0.3,49431.68896
3072,0.3,49375.14493
3073,0.3,49318.6193
3074,0.3,49262.11206
3075,0.3,49205.6232
3076,0.3,49149.1527
3077,0.3,49092.70057
3078,0.3,49036.26677
3079,0.3,48979.85131
3080,0.3,48923.45417
3081,0.3,48867.07533
3082,0.3,48810.71479
3083,0.3,48754.37254
3084,0.3,48698.04855
3085,0.3,48641.74283
3086,0.3,48585.45536
3087,0.3,48529.18612
3088,0.3,48472.93511
3089,0.3,48416.70231
3090,0.3,48360.48771
3091,0.3,48304.2913
3092,0.3,48248.11307
3093,0.3,48191.953
3094,0.3,48135.81109
3095,0.3,48079.68732
3096,0.3,48023.58169
3097,0.3,47967.49417
3098,0.3,47911.42476
3099,0.3,47855.37344
3100,0.3,47799.34021
3101,0.3,47743.32505
3102,0.3,47687.32795
3103,0.3,47631.3489
3104,0.3,47575.38789
3105,0.3,47519.4449
3106,0.3,47463.51993
3107,0.3,47407.61296
3108,0.3,47351.72398
3109,0.3,47295.85298
3110,0.3,47239.99995
3111,0.3,47184.16488
3112,0.3,47128.34775
3113,0.3,47072.54855
3114,0.3,47016.76727
3115,0.3,46961.00391
3116,0.3,46905.25844
3117,0.3,46849.53086
3118,0.3,46793.82116
3119,0.3,46738.12932
3120,0.3,46682.45533
3121,0.3,46626.79919
3122,0.3,46571.16087
3123,0.3,46515.54037
3124,0.3,46459.93768
3125,0.3,46404.35279
3126,0.2,46348.78568
3127,0.2,46293.23634
3128,0.2,46237.70477
3129,0.2,46182.19094
3130,0.2,46126.69486
3131,0.2,46071.2165
3132,0.2,46015.75586
3133,0.2,45960.31292
3134,0.2,45904.88768
3135,0.2,45849.48011
3136,0.2,45794.09022
3137,0.2,45738.71799
3138,0.2,45683.36341
3139,0.2,45628.02647
3140,0.2,45572.70715
3141,0.2,45517.40544
3142,0.2,45462.12134
3143,0.2,45406.85483
3144,0.2,45351.60591
3145,0.2,45296.37455
3146,0.2,45241.16075
3147,0.2,45185.9645
3148,0.2,45130.78579
3149,0.2,45075.6246
3150,0.2,45020.48093
3151,0.2,44965.35476
3152,0.2,44910.24608
3153,0.2,44855.15488
3154,0.2,44800.08115
3155,0.2,44745.02488
3156,0.2,44689.98606
3157,0.2,44634.96467
3158,0.2,44579.96072
3159,0.2,44524.97417
3160,0.2,44470.00503
3161,0.2,44415.05328
3162,0.2,44360.11891
3163,0.2,44305.20192
3164,0.2,44250.30228
3165,0.2,44195.41999
3166,0.2,44140.55504
3167,0.2,44085.70742
3168,0.2,44030.87711
3169,0.2,43976.06411
3170,0.2,43921.2684
3171,0.2,43866.48997
3172,0.2,43811.72882
3173,0.2,43756.98492
3174,0.2,43702.25828
3175,0.2,43647.54888
3176,0.2,43592.8567
3177,0.2,43538.18174
3178,0.2,43483.52399
3179,0.2,43428.88344
3180,0.2,43374.26007
3181,0.2,43319.65388
3182,0.2,43265.06484
3183,0.2,43210.49297
3184,0.2,43155.93823
3185,0.2,43101.40063
3186,0.2,43046.88014
3187,0.2,42992.37677
3188,0.2,42937.89049
3189,0.2,42883.42131
3190,0.2,42828.9692
3191,0.2,42774.53416
3192,0.2,42720.11617
3193,0.2,42665.71523
3194,0.2,42611.33133
3195,0.2,42556.96444
3196,0.2,42502.61458
3197,0.2,42448.28171
3198,0.2,42393.96584
3199,0.2,42339.66695
3200,0.2,42285.38503
3201,0.2,42231.12007
3202,0.2,42176.87206
3203,0.2,42122.64099
3204,0.2,42068.42685
3205,0.2,42014.22963
3206,0.2,41960.04931
3207,0.2,41905.88589
3208,0.2,41851.73936
3209,0.2,41797.60971
3210,0.2,41743.49691
3211,0.2,41689.40098
3212,0.2,41635.32189
3213,0.2,41581.25963
3214,0.2,41527.2142
3215,0.2,41473.18558
3216,0.2,41419.17376
3217,0.2,41365.17873
3218,0.2,41311.20049
3219,0.2,41257.23901
3220,0.2,41203.2943
3221,0.2,41149.36634
3222,0.2,41095.45512
3223,0.2,41041.56063
3224,0.2,40987.68285
3225,0.2,40933.82179
3226,0.2,40879.97742
3227,0.2,40826.14975
3228,0.2,40772.33875
3229,0.2,40718.54441
3230,0.2,40664.76674
3231,0.2,40611.00571
3232,0.2,40557.26132
3233,0.2,40503.53355
3234,0.2,40449.8224
3235,0.2,40396.12786
3236,0.2,40342.44991
3237,0.2,40288.78855
3238,0.2,40235.14376
3239,0.2,40181.51554
3240,0.2,40127.90387
3241,0.2,40074.30874
3242,0.2,40020.73015
3243,0.2,39967.16809
3244,0.2,39913.62253
3245,0.2,39860.09348
3246,0.2,39806.58093
3247,0.2,39753.08486
3248,0.2,39699.60525
3249,0.2,39646.14212
3250,0.2,39592.69543
3251,0.2,39539.26519
3252,0.2,39485.85138
3253,0.2,39432.45399
3254,0.2,39379.07302
3255,0.2,39325.70845
3256,0.2,39272.36027
3257,0.2,39219.02847
3258,0.2,39165.71304
3259,0.2,39112.41398
3260,0.2,39059.13127
3261,0.2,39005.86489
3262,0.2,38952.61486
3263,0.2,38899.38114
3264,0.2,38846.16373
3265,0.2,38792.96263
3266,0.2,38739.77782
3267,0.2,38686.60929
3268,0.2,38633.45703
3269,0.2,38580.32104
3270,0.2,38527.20129
3271,0.2,38474.09779
3272,0.2,38421.01052
3273,0.2,38367.93948
3274,0.2,38314.88464
3275,0.2,38261.84601
3276,0.2,38208.82357
3277,0.2,38155.81731
3278,0.2,38102.82723
3279,0.2,38049.85331
3280,0.2,37996.89554
3281,0.2,37943.95391
3282,0.2,37891.02842
3283,0.2,37838.11905
3284,0.2,37785.2258
3285,0.2,37732.34865
3286,0.2,37679.48759
3287,0.2,37626.64262
3288,0.2,37573.81372
3289,0.2,37521.00089
3290,0.2,37468.20411
3291,0.2,37415.42338
3292,0.2,37362.65868
3293,0.2,37309.91001
3294,0.2,37257.17735
3295,0.2,37204.4607
3296,0.2,37151.76005
3297,0.2,37099.07538
3298,0.2,37046.4067
3299,0.2,36993.75397
3300,0.2,36941.11721
3301,0.2,36888.4964
3302,0.2,36835.89152
3303,0.2,36783.30257
3304,0.2,36730.72954
3305,0.2,36678.17242
3306,0.2,36625.6312
3307,0.2,36573.10587
3308,0.2,36520.59642
3309,0.2,36468.10285
3310,0.2,36415.62513
3311,0.2,36363.16327
3312,0.2,36310.71724
3313,0.2,36258.28706
3314,0.2,36205.87269
3315,0.2,36153.47414
3316,0.2,36101.09139
3317,0.2,36048.72444
3318,0.2,35996.37327
3319,0.2,35944.03787
3320,0.2,35891.71825
3321,0.2,35839.41438
3322,0.2,35787.12625
3323,0.2,35734.85387
3324,0.2,35682.59721
3325,0.2,35630.35627
3326,0.2,35578.13104
3327,0.2,35525.92151
3328,0.2,35473.72767
3329,0.2,35421.54951
3330,0.2,35369.38703
3331,0.2,35317.2402
3332,0.2,35265.10903
3333,0.2,35212.9935
3334,0.2,35160.8936
3335,0.2,35108.80933
3336,0.2,35056.74068
3337,0.2,35004.68763
3338,0.2,34952.65017
3339,0.2,34900.62831
3340,0.2,34848.62202
3341,0.2,34796.6313
3342,0.2,34744.65614
3343,0.2,34692.69653
3344,0.2,34640.75246
3345,0.2,34588.82392
3346,0.2,34536.9109
3347,0.2,34485.01339
3348,0.2,34433.13139
3349,0.2,34381.26488
3350,0.2,34329.41386
3351,0.2,34277.57831
3352,0.2,34225.75823
3353,0.2,34173.95361
3354,0.2,34122.16443
3355,0.2,34070.39069
3356,0.2,34018.63239
3357,0.2,33966.8895
3358,0.2,33915.16202
3359,0.2,33863.44995
3360,0.2,33811.75327
3361,0.2,33760.07197
3362,0.2,33708.40605
3363,0.2,33656.75549
3364,0.2,33605.12029
3365,0.2,33553.50043
3366,0.2,33501.89592
3367,0.2,33450.30673
3368,0.2,33398.73286
3369,0.2,33347.1743
3370,0.2,33295.63105
3371,0.2,33244.10308
3372,0.2,33192.5904
3373,0.2,33141.093
3374,0.2,33089.61086
3375,0.2,33038.14397
3376,0.1,32986.69233
3377,0.1,32935.25593
3378,0.1,32883.83476
3379,0.1,32832.42881
3380,0.1,32781.03808
3381,0.1,32729.66254
3382,0.1,32678.3022
3383,0.1,32626.95704
3384,0.1,32575.62705
3385,0.1,32524.31223
3386,0.1,32473.01257
3387,0.1,32421.72806
3388,0.1,32370.45869
3389,0.1,32319.20445
3390,0.1,32267.96532
3391,0.1,32216.74132
3392,0.1,32165.53241
3393,0.1,32114.3386
3394,0.1,32063.15988
3395,0.1,32011.99623
3396,0.1,31960.84765
3397,0.1,31909.71413
3398,0.1,31858.59566
3399,0.1,31807.49223
3400,0.1,31756.40384
3401,0.1,31705.33046
3402,0.1,31654.27211
3403,0.1,31603.22876
3404,0.1,31552.2004
3405,0.1,31501.18704
3406,0.1,31450.18865
3407,0.1,31399.20524
3408,0.1,31348.23679
3409,0.1,31297.28329
3410,0.1,31246.34473
3411,0.1,31195.42111
3412,0.1,31144.51242
3413,0.1,31093.61865
3414,0.1,31042.73978
3415,0.1,30991.87582
3416,0.1,30941.02675
3417,0.1,30890.19256
3418,0.1,30839.37325
3419,0.1,30788.5688
3420,0.1,30737.77921
3421,0.1,30687.00447
3422,0.1,30636.24457
3423,0.1,30585.4995
3424,0.1,30534.76926
3425,0.1,30484.05382
3426,0.1,30433.35319
3427,0.1,30382.66736
3428,0.1,30331.99632
3429,0.1,30281.34006
3430,0.1,30230.69856
3431,0.1,30180.07183
3432,0.1,30129.45985
3433,0.1,30078.86262
3434,0.1,30028.28012
3435,0.1,29977.71236
3436,0.1,29927.15931
3437,0.1,29876.62097
3438,0.1,29826.09733
3439,0.1,29775.58839
3440,0.1,29725.09413
3441,0.1,29674.61455
3442,0.1,29624.14963
3443,0.1,29573.69938
3444,0.1,29523.26378
3445,0.1,29472.84281
3446,0.1,29422.43649
3447,0.1,29372.04479
3448,0.1,29321.6677
3449,0.1,29271.30522
3450,0.1,29220.95735
3451,0.1,29170.62406
3452,0.1,29120.30536
3453,0.1,29070.00123
3454,0.1,29019.71167
3455,0.1,28969.43667
3456,0.1,28919.17621
3457,0.1,28868.9303
3458,0.1,28818.69892
3459,0.1,28768.48206
3460,0.1,28718.27972
3461,0.1,28668.09188
3462,0.1,28617.91855
3463,0.1,28567.7597
3464,0.1,28517.61534
3465,0.1,28467.48545
3466,0.1,28417.37002
3467,0.1,28367.26906
3468,0.1,28317.18254
3469,0.1,28267.11046
3470,0.1,28217.05282
3471,0.1,28167.0096
3472,0.1,28116.98079
3473,0.1,28066.96639
3474,0.1,28016.96639
3475,0.1,27966.98078
3476,0.1,27917.00955
3477,0.1,27867.0527
3478,0.1,27817.11021
3479,0.1,27767.18208
3480,0.1,27717.2683
3481,0.1,27667.36886
3482,0.1,27617.48375
3483,0.1,27567.61297
3484,0.1,27517.7565
3485,0.1,27467.91434
3486,0.1,27418.08649
3487,0.1,27368.27292
3488,0.1,27318.47364
3489,0.1,27268.68863
3490,0.1,27218.91789
3491,0.1,27169.1614
3492,0.1,27119.41917
3493,0.1,27069.69118
3494,0.1,27019.97743
3495,0.1,26970.2779
3496,0.1,26920.59259
3497,0.1,26870.92149
3498,0.1,26821.26459
3499,0.1,26771.62189
3500,0.1,26721.99337
3501,0.1,26672.37903
3502,0.1,26622.77886
3503,0.1,26573.19285
3504,0.1,26523.62099
3505,0.1,26474.06328
3506,0.1,26424.5197
3507,0.1,26374.99026
3508,0.1,26325.47493
3509,0.1,26275.97372
3510,0.1,26226.48661
3511,0.1,26177.0136
3512,0.1,26127.55468
3513,0.1,26078.10984
3514,0.1,26028.67908
3515,0.1,25979.26237
3516,0.1,25929.85973
3517,0.1,25880.47113
3518,0.1,25831.09657
3519,0.1,25781.73605
3520,0.1,25732.38955
3521,0.1,25683.05707
3522,0.1,25633.7386
3523,0.1,25584.43413
3524,0.1,25535.14365
3525,0.1,25485.86715
3526,0.1,25436.60464
3527,0.1,25387.35609
3528,0.1,25338.12151
3529,0.1,25288.90087
3530,0.1,25239.69419
3531,0.1,25190.50144
3532,0.1,25141.32262
3533,0.1,25092.15772
3534,0.1,25043.00674
3535,0.1,24993.86966
3536,0.1,24944.74648
3537,0.1,24895.63719
3538,0.1,24846.54178
3539,0.1,24797.46025
3540,0.1,24748.39259
3541,0.1,24699.33878
3542,0.1,24650.29882
3543,0.1,24601.27271
3544,0.1,24552.26044
3545,0.1,24503.26199
3546,0.1,24454.27736
3547,0.1,24405.30654
3548,0.1,24356.34953
3549,0.1,24307.40631
3550,0.1,24258.47689
3551,0.1,24209.56124
3552,0.1,24160.65937
3553,0.1,24111.77126
3554,0.1,24062.89691
3555,0.1,24014.03631
3556,0.1,23965.18945
3557,0.1,23916.35633
3558,0.1,23867.53694
3559,0.1,23818.73126
3560,0.1,23769.93929
3561,0.1,23721.16103
3562,0.1,23672.39647
3563,0.1,23623.64559
3564,0.1,23574.90839
3565,0.1,23526.18487
3566,0.1,23477.47501
3567,0.1,23428.77881
3568,0.1,23380.09626
3569,0.1,23331.42735
3570,0.1,23282.77207
3571,0.1,23234.13043
3572,0.1,23185.5024
3573,0.1,23136.88798
3574,0.1,23088.28717
3575,0.1,23039.69996
3576,0.1,22991.12633
3577,0.1,22942.56628
3578,0.1,22894.01981
3579,0.1,22845.48691
3580,0.1,22796.96756
3581,0.1,22748.46177
3582,0.1,22699.96951
3583,0.1,22651.4908
3584,0.1,22603.02561
3585,0.1,22554.57394
3586,0.1,22506.13579
3587,0.1,22457.71114
3588,0.1,22409.29999
3589,0.1,22360.90233
3590,0.1,22312.51815
3591,0.1,22264.14745
3592,0.1,22215.79022
3593,0.1,22167.44645
3594,0.1,22119.11613
3595,0.1,22070.79926
3596,0.1,22022.49582
3597,0.1,21974.20582
3598,0.1,21925.92923
3599,0.1,21877.66607
3600,0.1,21829.41631
3601,0.1,21781.17996
3602,0.1,21732.95699
3603,0.1,21684.74742
3604,0.1,21636.55122
3605,0.1,21588.36839
3606,0.1,21540.19893
3607,0.1,21492.04282
3608,0.1,21443.90006
3609,0.1,21395.77064
3610,0.1,21347.65456
3611,0.1,21299.5518
3612,0.1,21251.46237
3613,0.1,21203.38624
3614,0.1,21155.32342
3615,0.1,21107.2739
3616,0.1,21059.23767
3617,0.1,21011.21472
3618,0.1,20963.20504
3619,0.1,20915.20863
3620,0.1,20867.22549
3621,0.1,20819.25559
3622,0.1,20771.29894
3623,0.1,20723.35553
3624,0.1,20675.42536
3625,0,20627.5084
3626,0,20579.60466
3627,0,20531.71414
3628,0,20483.83681
3629,0,20435.97268
3630,0,20388.12173
3631,0,20340.28397
3632,0,20292.45938
3633,0,20244.64795
3634,0,20196.84969
3635,0,20149.06457
3636,0,20101.2926
3637,0,20053.53377
3638,0,20005.78806
3639,0,19958.05548
3640,0,19910.33601
3641,0,19862.62965
3642,0,19814.93639
3643,0,19767.25623
3644,0,19719.58915
3645,0,19671.93515
3646,0,19624.29422
3647,0,19576.66636
3648,0,19529.05156
3649,0,19481.4498
3650,0,19433.86109
3651,0,19386.28542
3652,0,19338.72277
3653,0,19291.17315
3654,0,19243.63654
3655,0,19196.11294
3656,0,19148.60234
3657,0,19101.10473
3658,0,19053.62011
3659,0,19006.14847
3660,0,18958.6898
3661,0,18911.24409
3662,0,18863.81134
3663,0,18816.39155
3664,0,18768.9847
3665,0,18721.59078
3666,0,18674.2098
3667,0,18626.84174
3668,0,18579.48659
3669,0,18532.14435
3670,0,18484.81501
3671,0,18437.49857
3672,0,18390.19502
3673,0,18342.90434
3674,0,18295.62654
3675,0,18248.36161
3676,0,18201.10953
3677,0,18153.87031
3678,0,18106.64393
3679,0,18059.43039
3680,0,18012.22969
3681,0,17965.04181
3682,0,17917.86674
3683,0,17870.70449
3684,0,17823.55504
3685,0,17776.41838
3686,0,17729.29452
3687,0,17682.18344
3688,0,17635.08513
3689,0,17587.99959
3690,0,17540.92682
3691,0,17493.8668
3692,0,17446.81953
3693,0,17399.785
3694,0,17352.76321
3695,0,17305.75414
3696,0,17258.75779
3697,0,17211.77416
3698,0,17164.80323
3699,0,17117.845
3700,0,17070.89947
3701,0,17023.96662
3702,0,16977.04646
3703,0,16930.13896
3704,0,16883.24413
3705,0,16836.36196
3706,0,16789.49244
3707,0,16742.63557
3708,0,16695.79133
3709,0,16648.95973
3710,0,16602.14075
3711,0,16555.33439
3712,0,16508.54064
3713,0,16461.7595
3714,0,16414.99095
3715,0,16368.23499
3716,0,16321.49162
3717,0,16274.76082
3718,0,16228.0426
3719,0,16181.33694
3720,0,16134.64383
3721,0,16087.96328
3722,0,16041.29527
3723,0,15994.6398
3724,0,15947.99685
3725,0,15901.36643
3726,0,15854.74853
3727,0,15808.14313
3728,0,15761.55024
3729,0,15714.96985
3730,0,15668.40194
3731,0,15621.84652
3732,0,15575.30358
3733,0,15528.7731
3734,0,15482.25509
3735,0,15435.74953
3736,0,15389.25642
3737,0,15342.77576
3738,0,15296.30753
3739,0,15249.85173
3740,0,15203.40836
3741,0,15156.9774
3742,0,15110.55885
3743,0,15064.1527
3744,0,15017.75896
3745,0,14971.3776
3746,0,14925.00862
3747,0,14878.65202
3748,0,14832.30779
3749,0,14785.97592
3750,0,14739.65641
3751,0,14693.34925
3752,0,14647.05444
3753,0,14600.77196
3754,0,14554.50181
3755,0,14508.24399
3756,0,14461.99848
3757,0,14415.76528
3758,0,14369.54439
3759,0,14323.3358
3760,0,14277.1395
3761,0,14230.95548
3762,0,14184.78374
3763,0,14138.62427
3764,0,14092.47707
3765,0,14046.34212
3766,0,14000.21943
3767,0,13954.10898
3768,0,13908.01077
3769,0,13861.92479
3770,0,13815.85104
3771,0,13769.78951
3772,0,13723.7402
3773,0,13677.70309
3774,0,13631.67817
3775,0,13585.66546
3776,0,13539.66493
3777,0,13493.67658
3778,0,13447.7004
3779,0,13401.7364
3780,0,13355.78455
3781,0,13309.84486
3782,0,13263.91732
3783,0,13218.00192
3784,0,13172.09865
3785,0,13126.20752
3786,0,13080.3285
3787,0,13034.46161
3788,0,12988.60682
3789,0,12942.76414
3790,0,12896.93356
3791,0,12851.11506
3792,0,12805.30865
3793,0,12759.51432
3794,0,12713.73206
3795,0,12667.96187
3796,0,12622.20373
3797,0,12576.45765
3798,0,12530.72362
3799,0,12485.00162
3800,0,12439.29166
3801,0,12393.59372
3802,0,12347.90781
3803,0,12302.23391
3804,0,12256.57202
3805,0,12210.92213
3806,0,12165.28424
3807,0,12119.65834
3808,0,12074.04442
3809,0,12028.44247
3810,0,11982.8525
3811,0,11937.27449
3812,0,11891.70844
3813,0,11846.15434
3814,0,11800.61219
3815,0,11755.08197
3816,0,11709.56369
3817,0,11664.05734
3818,0,11618.56291
3819,0,11573.08039
3820,0,11527.60977
3821,0,11482.15106
3822,0,11436.70425
3823,0,11391.26933
3824,0,11345.84628
3825,0,11300.43512
3826,0,11255.03582
3827,0,11209.64839
3828,0,11164.27282
3829,0,11118.9091
3830,0,11073.55723
3831,0,11028.21719
3832,0,10982.88899
3833,0,10937.57262
3834,0,10892.26807
3835,0,10846.97533
3836,0,10801.6944
3837,0,10756.42528
3838,0,10711.16795
3839,0,10665.92241
3840,0,10620.68865
3841,0,10575.46668
3842,0,10530.25647
3843,0,10485.05803
3844,0,10439.87135
3845,0,10394.69643
3846,0,10349.53325
3847,0,10304.38181
3848,0,10259.24211
3849,0,10214.11414
3850,0,10168.99789
3851,0,10123.89336
3852,0,10078.80054
3853,0,10033.71942
3854,0,9988.650004
3855,0,9943.592279
3856,0,9898.546241
3857,0,9853.511883
3858,0,9808.4892
3859,0,9763.478185
3860,0,9718.478832
3861,0,9673.491136
3862,0,9628.51509
3863,0,9583.550689
3864,0,9538.597926
3865,0,9493.656795
3866,0,9448.72729
3867,0,9403.809405
3868,0,9358.903135
3869,0,9314.008472
3870,0,9269.125412
3871,0,9224.253948
3872,0,9179.394075
3873,0,9134.545785
3874,0,9089.709074
3875,0,9044.883935
3876,0,9000.070362
3877,0,8955.26835
3878,0,8910.477892
3879,0,8865.698982
3880,0,8820.931615
3881,0,8776.175785
3882,0,8731.431484
3883,0,8686.698709
3884,0,8641.977452
3885,0,8597.267708
3886,0,8552.569471
3887,0,8507.882734
3888,0,8463.207493
3889,0,8418.543741
3890,0,8373.891471
3891,0,8329.250679
3892,0,8284.621359
3893,0,8240.003504
3894,0,8195.397108
3895,0,8150.802166
3896,0,8106.218672
3897,0,8061.64662
3898,0,8017.086004
3899,0,7972.536818
3900,0,7927.999057
3901,0,7883.472714
3902,0,7838.957784
3903,0,7794.45426
3904,0,7749.962137
3905,0,7705.48141
3906,0,7661.012071
3907,0,7616.554116
3908,0,7572.107539
3909,0,7527.672333
3910,0,7483.248494
3911,0,7438.836014
3912,0,7394.434889
3913,0,7350.045113
3914,0,7305.666679
3915,0,7261.299582
3916,0,7216.943816
3917,0,7172.599376
3918,0,7128.266255
3919,0,7083.944448
3920,0,7039.633949
3921,0,6995.334752
3922,0,6951.046852
3923,0,6906.770242
3924,0,6862.504917
3925,0,6818.250872
3926,0,6774.0081
3927,0,6729.776596
3928,0,6685.556354
3929,0,6641.347368
3930,0,6597.149633
3931,0,6552.963142
3932,0,6508.787891
3933,0,6464.623873
3934,0,6420.471083
3935,0,6376.329514
3936,0,6332.199162
3937,0,6288.08002
3938,0,6243.972084
3939,0,6199.875346
3940,0,6155.789802
3941,0,6111.715446
3942,0,6067.652272
3943,0,6023.600274
3944,0,5979.559447
3945,0,5935.529785
3946,0,5891.511283
3947,0,5847.503934
3948,0,5803.507734
3949,0,5759.522676
3950,0,5715.548755
3951,0,5671.585965
3952,0,5627.634301
3953,0,5583.693757
3954,0,5539.764327
3955,0,5495.846006
3956,0,5451.938788
3957,0,5408.042667
3958,0,5364.157639
3959,0,5320.283696
3960,0,5276.420835
3961,0,5232.569048
3962,0,5188.728331
3963,0,5144.898678
3964,0,5101.080083
3965,0,5057.272541
3966,0,5013.476046
3967,0,4969.690592
3968,0,4925.916175
3969,0,4882.152788
3970,0,4838.400426
3971,0,4794.659083
3972,0,4750.928754
3973,0,4707.209434
3974,0,4663.501116
3975,0,4619.803795
3976,0,4576.117466
3977,0,4532.442124
3978,0,4488.777761
3979,0,4445.124374
3980,0,4401.481956
3981,0,4357.850503
3982,0,4314.230008
3983,0,4270.620466
3984,0,4227.021871
3985,0,4183.434219
3986,0,4139.857503
3987,0,4096.291719
3988,0,4052.736859
3989,0,4009.19292
3990,0,3965.659896
3991,0,3922.137781
3992,0,3878.626569
3993,0,3835.126256
3994,0,3791.636835
3995,0,3748.158302
3996,0,3704.690651
3997,0,3661.233876
3998,0,3617.787972
3999,0,3574.352934
4000,0,3530.928755
4001,0,3487.515432
4002,0,3444.112957
4003,0,3400.721327
4004,0,3357.340535
4005,0,3313.970576
4006,0,3270.611444
4007,0,3227.263135
4008,0,3183.925643
4009,0,3140.598962
4010,0,3097.283087
4011,0,3053.978012
4012,0,3010.683733
4013,0,2967.400244
4014,0,2924.127539
4015,0,2880.865613
4016,0,2837.614461
4017,0,2794.374078
4018,0,2751.144457
4019,0,2707.925594
4020,0,2664.717483
4021,0,2621.52012
4022,0,2578.333497
4023,0,2535.157612
4024,0,2491.992457
4025,0,2448.838027
4026,0,2405.694318
4027,0,2362.561324
4028,0,2319.43904
4029,0,2276.327459
4030,0,2233.226578
4031,0,2190.136391
4032,0,2147.056891
4033,0,2103.988075
4034,0,2060.929937
4035,0,2017.882471
4036,0,1974.845673
4037,0,1931.819536
4038,0,1888.804056
4039,0,1845.799227
4040,0,1802.805044
4041,0,1759.821502
4042,0,1716.848596
4043,0,1673.88632
4044,0,1630.934669
4045,0,1587.993638
4046,0,1545.063221
4047,0,1502.143414
4048,0,1459.23421
4049,0,1416.335606
4050,0,1373.447595
4051,0,1330.570172
4052,0,1287.703332
4053,0,1244.84707
4054,0,1202.001381
4055,0,1159.16626
4056,0,1116.3417
4057,0,1073.527698
4058,0,1030.724247
4059,0,987.931343
4060,0,945.1489804
4061,0,902.3771541
4062,0,859.6158588
4063,0,816.8650893
4064,0,774.1248406
4065,0,731.3951073
4066,0,688.6758843
4067,0,645.9671666
4068,0,603.2689488
4069,0,560.5812258
4070,0,517.9039925
4071,0,475.2372437
4072,0,432.5809743
4073,0,389.9351792
4074,0,347.2998531
4075,0,304.6749909
4076,0,262.0605875
4077,0,219.4566379
4078,0,176.8631367
4079,0,134.280079
4080,0,91.70745962
4081,0,49.1452734
4082,0,6.593515252
4083,0,0
4084,0,0
4085,0,0
4086,0,0
4087,0,0
4088,0,0
4089,0,0
4090,0,0
4091,0,0
4092,0,0
4093,0,0
4094,0,0
4095,0,0
4096,0,0
4097,0,0
4098,0,0
4099,0,0
4100,0,0
4101,0,0
4102,0,0
4103,0,0
4104,0,0
4105,0,0
4106,0,0
4107,0,0
4108,0,0
4109,0,0
4110,0,0
4111,0,0
4112,0,0
4113,0,0
4114,0,0
4115,0,0
4116,0,0
4117,0,0
4118,0,0
4119,0,0
4120,0,0
4121,0,0
4122,0,0
4123,0,0
4124,0,0
4125,0,0
4126,0,0
4127,0,0
4128,0,0
4129,0,0
4130,0,0
4131,0,0
4132,0,0
4133,0,0
4134,0,0
4135,0,0
4136,0,0
4137,0,0
4138,0,0
4139,0,0
4140,0,0
4141,0,0
4142,0,0
4143,0,0
4144,0,0
4145,0,0
4146,0,0
4147,0,0
4148,0,0
4149,0,0
4150,0,0
4151,0,0
4152,0,0
4153,0,0
4154,0,0
4155,0,0
4156,0,0
4157,0,0
4158,0,0
4159,0,0
4160,0,0
4161,0,0
4162,0,0
4163,0,0
4164,0,0
4165,0,0
4166,0,0
4167,0,0
4168,0,0
4169,0,0
4170,0,0
4171,0,0
4172,0,0
4173,0,0
4174,0,0
4175,0,0
4176,0,0
4177,0,0
4178,0,0
4179,0,0
4180,0,0
4181,0,0
4182,0,0
4183,0,0
4184,0,0
4185,0,0
4186,0,0
4187,0,0
4188,0,0
4189,0,0
4190,0,0
4191,0,0
4192,0,0
4193,0,0
4194,0,0
4195,0,0
4196,0,0
4197,0,0
4198,0,0
4199,0,0
4200,0,0
4201,0,0
4202,0,0
4203,0,0
4204,0,0
4205,0,0
4206,0,0
4207,0,0
4208,0,0
4209,0,0
4210,0,0
4211,0,0
4212,0,0
4213,0,0
4214,0,0
4215,0,0
4216,0,0
4217,0,0
4218,0,0
4219,0,0
4220,0,0
4221,0,0
4222,0,0
4223,0,0
4224,0,0
4225,0,0
4226,0,0
4227,0,0
4228,0,0
4229,0,0
4230,0,0
4231,0,0
4232,0,0
4233,0,0
4234,0,0
4235,0,0
4236,0,0
4237,0,0
4238,0,0
4239,0,0
4240,0,0
4241,0,0
4242,0,0
4243,0,0
4244,0,0
4245,0,0
4246,0,0
4247,0,0
4248,0,0
4249,0,0
4250,0,0
4251,0,0
4252,0,0
4253,0,0
4254,0,0
4255,0,0
4256,0,0
4257,0,0
4258,0,0
4259,0,0
4260,0,0
